,チーム,年,選手名,選手名,左右,試合数,打席,打数,得点,打率,打率,安打,二塁打,三塁打,本塁打,本塁打（真偽値）,塁打,打点,盗塁,盗塁刺,犠打,犠飛,四球,故意四球,死球,三振,併殺打
629,中日,2017,ゲレーロ,ゲレーロ,右打ち,130,510,469,67,0.279,0.279,131,22,3,35,1,264,86,1,0,0,2,24,0,15,98,13
95,ソフトバンク,2017,デスパイネ,デスパイネ,右打ち,136,545,478,66,0.262,0.262,125,15,0,35,1,245,103,3,1,0,3,59,2,5,119,14
580,ヤクルト,2017,バレンティン,バレンティン,右打ち,125,519,445,60,0.254,0.254,113,14,1,32,1,225,80,0,1,0,1,70,0,3,112,18
58,日本ハム,2017,レアード,レアード,右打ち,137,571,503,56,0.229,0.229,115,18,1,32,1,231,90,0,0,0,7,54,0,7,125,18
110,ソフトバンク,2017,柳田　悠岐,柳田悠岐,左打ち,130,551,448,95,0.31,0.31,139,30,1,31,1,264,99,14,7,0,7,89,8,7,123,6
230,楽天,2017,ウィーラー,ウィーラー,右打ち,142,605,542,75,0.271,0.271,147,27,0,31,1,267,82,7,3,0,3,50,4,10,98,14
309,オリックス,2017,Ｔ－岡田,Ｔ－岡田,左打ち,143,593,504,77,0.266,0.266,134,19,0,31,1,246,68,2,1,0,1,83,1,5,141,10
487,DeNA,2017,ロペス,ロペス,右打ち,142,606,569,72,0.301,0.301,171,42,0,30,1,303,105,0,0,0,8,27,0,2,80,14
470,DeNA,2017,筒香　嘉智,筒香嘉智,左打ち,139,601,503,85,0.284,0.284,143,31,0,28,1,258,94,1,0,0,3,93,3,2,115,7
347,広島,2017,エルドレッド,エルドレッド,右打ち,116,405,344,40,0.265,0.265,91,11,0,27,1,183,78,0,0,0,3,50,0,8,111,8
205,西武,2017,中村　剛也,中村剛也,右打ち,115,486,415,69,0.217,0.217,90,14,0,27,1,185,79,1,0,0,6,61,1,4,118,12
362,広島,2017,鈴木　誠也,鈴木誠也,右打ち,115,512,437,85,0.3,0.3,131,28,1,26,1,239,90,16,6,0,7,62,0,6,80,12
268,楽天,2017,ペゲーロ,ペゲーロ,左打ち,120,517,463,67,0.281,0.281,130,17,1,26,1,227,75,3,2,0,0,50,3,4,139,16
333,オリックス,2017,ロメロ,ロメロ,右打ち,103,424,390,55,0.274,0.274,107,13,0,26,1,198,66,2,1,0,1,27,0,6,98,12
173,西武,2017,秋山　翔吾,秋山翔吾,左打ち,143,659,575,106,0.322,0.322,185,38,5,25,1,308,89,16,5,0,7,72,1,5,97,4
106,ソフトバンク,2017,松田　宣浩,松田宣浩,右打ち,143,577,531,64,0.264,0.264,140,19,6,24,1,243,71,5,2,0,2,43,2,1,128,16
596,ヤクルト,2017,山田　哲人,山田哲人,右打ち,143,624,526,79,0.247,0.247,130,25,1,24,1,229,78,14,4,0,1,91,1,6,132,15
382,広島,2017,丸　佳浩,丸佳浩,左打ち,143,651,556,109,0.308,0.308,171,35,3,23,1,281,92,13,3,2,6,83,0,4,113,6
220,西武,2017,山川　穂高,山川穂高,右打ち,78,293,242,46,0.298,0.298,72,19,0,23,1,160,61,0,1,0,0,46,1,5,72,7
222,楽天,2017,アマダー,アマダー,右打ち,121,460,417,35,0.237,0.237,99,9,0,23,1,177,65,0,1,0,2,39,0,2,102,18
446,DeNA,2017,梶谷　隆幸,梶谷隆幸,左打ち,137,578,511,83,0.243,0.243,124,27,2,21,1,218,60,21,3,0,2,62,2,3,157,10
319,オリックス,2017,マレーロ,マレーロ,右打ち,82,319,283,39,0.29,0.29,82,15,1,20,1,159,50,1,0,0,2,29,1,5,84,6
522,阪神,2017,中谷　将大,中谷将大,右打ち,133,455,411,64,0.241,0.241,99,21,1,20,1,182,61,2,1,0,3,36,2,5,96,5
174,西武,2017,浅村　栄斗,浅村栄斗,右打ち,143,633,574,78,0.291,0.291,167,34,1,19,1,260,99,5,1,1,6,44,0,8,96,17
218,西武,2017,メヒア,メヒア,右打ち,113,388,345,34,0.241,0.241,83,18,0,19,1,158,53,1,0,0,2,37,0,4,100,7
421,巨人,2017,マギー,マギー,右打ち,139,586,523,67,0.315,0.315,165,48,1,18,1,269,77,4,1,0,4,58,4,1,107,20
648,中日,2017,福田　永将,福田永将,右打ち,95,326,299,37,0.271,0.271,81,19,0,18,1,154,49,0,1,0,1,21,0,5,70,4
526,阪神,2017,福留　孝介,福留孝介,左打ち,127,526,441,68,0.263,0.263,116,20,3,18,1,196,79,1,2,1,4,77,1,3,92,17
645,中日,2017,ビシエド,ビシエド,右打ち,87,367,332,43,0.25,0.25,83,11,1,18,1,150,49,4,0,0,1,29,0,5,52,10
276,楽天,2017,茂木　栄五郎,茂木栄五郎,左打ち,103,450,398,64,0.296,0.296,118,25,2,17,1,198,47,3,2,4,1,45,1,2,84,4
495,阪神,2017,糸井　嘉男,糸井嘉男,左打ち,114,493,427,60,0.29,0.29,124,16,0,17,1,191,62,21,6,0,2,59,0,5,62,12
411,巨人,2017,長野　久義,長野久義,右打ち,134,516,463,52,0.261,0.261,121,20,3,16,1,195,46,6,0,1,1,46,2,5,98,17
41,日本ハム,2017,中田　翔,中田翔,右打ち,129,542,472,56,0.216,0.216,102,23,0,16,1,173,67,0,1,0,4,61,0,5,103,14
484,DeNA,2017,宮﨑　敏郎,宮﨑敏郎,右打ち,128,523,480,53,0.323,0.323,155,28,1,15,1,230,62,0,0,0,1,38,1,4,47,23
400,巨人,2017,坂本　勇人,坂本勇人,右打ち,142,614,539,82,0.291,0.291,157,30,0,15,1,232,61,14,6,1,3,68,2,3,85,16
386,巨人,2017,阿部　慎之助,阿部慎之助,左打ち,129,512,455,41,0.262,0.262,119,13,0,15,1,177,76,0,1,1,7,41,1,8,67,13
17,日本ハム,2017,大田　泰示,大田泰示,右打ち,118,457,427,41,0.258,0.258,110,21,1,15,1,178,46,5,2,0,2,28,0,0,88,14
162,ロッテ,2017,ペーニャ,ペーニャ,右打ち,70,252,219,24,0.242,0.242,53,14,0,15,1,112,38,0,0,0,2,26,0,5,72,8
381,広島,2017,松山　竜平,松山竜平,左打ち,120,387,350,39,0.326,0.326,114,23,4,14,1,187,77,0,0,0,6,31,0,0,45,8
352,広島,2017,菊池　涼介,菊池涼介,右打ち,138,629,565,87,0.271,0.271,153,28,3,14,1,229,56,8,7,30,1,32,0,1,107,9
248,楽天,2017,島内　宏明,島内宏明,左打ち,143,577,494,62,0.265,0.265,131,14,3,14,1,193,47,3,6,12,3,64,0,4,67,8
65,ソフトバンク,2017,今宮　健太,今宮健太,右打ち,141,623,526,78,0.264,0.264,139,27,7,14,1,222,64,15,4,52,3,38,0,4,93,12
424,巨人,2017,村田　修一,村田修一,右打ち,118,424,381,41,0.262,0.262,100,19,0,14,1,161,58,0,0,1,2,34,0,6,63,15
452,DeNA,2017,桑原　将志,桑原将志,右打ち,143,664,598,87,0.269,0.269,161,38,5,13,1,248,52,10,11,10,0,45,0,11,116,8
67,ソフトバンク,2017,上林　誠知,上林誠知,左打ち,134,453,415,54,0.26,0.26,108,23,5,13,1,180,51,12,12,10,2,24,2,2,96,3
330,オリックス,2017,吉田　正尚,吉田正尚,左打ち,64,268,228,42,0.311,0.311,71,11,0,12,1,118,38,1,1,0,1,38,2,1,32,9
68,ソフトバンク,2017,内川　聖一,内川聖一,右打ち,73,300,266,31,0.297,0.297,79,13,0,12,1,128,50,0,1,0,2,32,0,0,26,9
142,ロッテ,2017,鈴木　大地,鈴木大地,左打ち,143,588,508,56,0.26,0.26,132,27,5,11,1,202,52,6,5,3,4,55,1,18,85,7
374,広島,2017,バティスタ,バティスタ,右打ち,61,143,125,21,0.256,0.256,32,5,0,11,1,70,26,0,0,0,2,15,0,1,44,3
202,西武,2017,外崎　修汰,外崎修汰,右打ち,135,489,438,65,0.258,0.258,113,22,3,10,1,171,48,23,3,10,3,33,0,5,109,4
156,ロッテ,2017,パラデス,パラデス,左右打ち,89,289,269,31,0.219,0.219,59,9,0,10,1,98,26,1,0,0,1,16,0,3,97,5
43,日本ハム,2017,西川　遥輝,西川遥輝,左打ち,138,623,541,82,0.296,0.296,160,26,6,9,1,225,44,39,5,6,3,69,0,4,103,6
338,広島,2017,新井　貴浩,新井貴浩,右打ち,100,288,243,36,0.292,0.292,71,14,0,9,1,112,48,2,0,0,4,40,0,1,56,7
312,オリックス,2017,中島　宏之,中島宏之,右打ち,124,489,431,36,0.285,0.285,123,19,0,9,1,169,49,0,0,0,5,46,0,7,93,11
503,阪神,2017,上本　博紀,上本博紀,右打ち,125,488,409,57,0.284,0.284,116,20,1,9,1,165,38,16,1,23,2,50,0,4,71,7
152,ロッテ,2017,中村　奨吾,中村奨吾,右打ち,85,312,280,32,0.275,0.275,77,13,2,9,1,121,32,11,3,5,1,20,1,6,63,5
429,巨人,2017,陽　岱鋼,陽岱鋼,右打ち,87,381,330,46,0.264,0.264,87,18,1,9,1,134,33,4,2,2,1,41,0,7,80,6
187,西武,2017,栗山　巧,栗山巧,左打ち,116,374,333,28,0.252,0.252,84,13,0,9,1,124,46,0,0,4,7,27,0,3,64,10
471,DeNA,2017,戸柱　恭孝,戸柱恭孝,左打ち,112,363,336,25,0.214,0.214,72,13,0,9,1,112,52,0,0,6,2,19,0,0,59,9
18,日本ハム,2017,大谷　翔平,大谷翔平,左打ち,65,231,202,24,0.332,0.332,67,16,1,8,1,109,31,0,1,0,3,24,0,2,63,0
364,広島,2017,田中　広輔,田中広輔,左打ち,143,679,565,105,0.29,0.29,164,32,5,8,1,230,60,35,13,6,4,89,2,15,120,5
130,ロッテ,2017,角中　勝也,角中勝也,左打ち,110,452,383,44,0.269,0.269,103,17,4,8,1,152,44,6,1,1,2,62,4,4,44,6
56,日本ハム,2017,横尾　俊建,横尾俊建,右打ち,50,149,134,14,0.239,0.239,32,3,0,7,1,56,20,0,0,0,1,11,0,3,45,2
507,阪神,2017,大山　悠輔,大山悠輔,右打ち,75,221,198,25,0.237,0.237,47,10,2,7,1,82,38,2,2,1,1,18,0,3,41,4
299,オリックス,2017,小谷野　栄一,小谷野栄一,右打ち,130,506,470,41,0.277,0.277,130,14,1,6,1,164,47,0,0,3,2,28,0,3,60,13
335,広島,2017,會澤　翼,會澤翼,右打ち,106,329,287,35,0.275,0.275,79,15,0,6,1,112,35,0,0,10,3,22,1,7,45,12
98,ソフトバンク,2017,中村　晃,中村晃,左打ち,143,600,511,66,0.27,0.27,138,19,2,6,1,179,42,3,5,14,5,67,0,3,57,5
650,中日,2017,藤井　淳志,藤井淳志,左右打ち,128,408,374,29,0.265,0.265,99,18,3,6,1,141,42,5,6,6,2,24,0,2,96,6
397,巨人,2017,亀井　善行,亀井善行,左打ち,109,277,247,20,0.251,0.251,62,16,0,6,1,96,47,1,0,0,2,27,1,1,38,4
517,阪神,2017,髙山　俊,髙山俊,左打ち,103,353,328,40,0.25,0.25,82,15,3,6,1,121,24,6,3,0,1,21,0,3,77,3
646,中日,2017,平田　良介,平田良介,右打ち,66,270,238,26,0.244,0.244,58,14,2,6,1,94,29,4,0,0,2,29,0,1,60,4
525,阪神,2017,原口　文仁,原口文仁,右打ち,73,216,186,16,0.226,0.226,42,12,0,6,1,72,25,0,0,1,2,22,0,5,36,10
601,ヤクルト,2017,リベロ,リベロ,右打ち,54,208,200,12,0.215,0.215,43,10,0,6,1,71,21,0,0,0,1,7,0,0,52,5
545,ヤクルト,2017,荒木　貴裕,荒木貴裕,右打ち,91,212,188,22,0.207,0.207,39,8,2,6,1,69,25,2,0,7,0,14,0,3,30,7
144,ロッテ,2017,ダフィー,ダフィー,右打ち,54,183,164,15,0.201,0.201,33,8,1,6,1,61,18,0,0,0,1,14,0,4,61,2
371,広島,2017,西川　龍馬,西川龍馬,左打ち,95,220,204,23,0.275,0.275,56,10,2,5,1,85,27,4,1,3,2,10,0,1,35,4
49,日本ハム,2017,松本　剛,松本剛,右打ち,115,448,402,46,0.274,0.274,110,17,0,5,1,142,33,6,3,21,1,21,1,3,61,7
182,西武,2017,金子　侑司,金子侑司,左右打ち,90,320,283,43,0.272,0.272,77,17,2,5,1,113,34,25,8,5,4,27,0,1,49,5
132,ロッテ,2017,加藤　翔平,加藤翔平,左右打ち,98,292,271,24,0.266,0.266,72,12,5,5,1,109,27,7,4,12,2,6,0,1,44,2
79,ソフトバンク,2017,川島　慶三,川島慶三,右打ち,81,137,110,23,0.264,0.264,29,7,0,5,1,51,13,2,2,6,1,18,0,2,24,1
128,ロッテ,2017,荻野　貴司,荻野貴司,右打ち,103,394,356,53,0.264,0.264,94,22,1,5,1,133,24,26,3,10,1,25,0,2,44,6
543,阪神,2017,ロジャース,ロジャース,右打ち,40,140,123,15,0.252,0.252,31,7,0,5,1,53,23,0,0,0,2,15,0,0,26,6
194,西武,2017,炭谷　銀仁朗,炭谷銀仁朗,右打ち,104,310,267,32,0.251,0.251,67,11,0,5,1,93,30,2,1,23,4,8,0,8,45,6
415,巨人,2017,中井　大介,中井大介,右打ち,90,254,229,32,0.249,0.249,57,12,1,5,1,86,15,2,1,4,1,19,0,1,44,5
388,巨人,2017,石川　慎吾,石川慎吾,右打ち,99,251,236,21,0.242,0.242,57,12,3,5,1,90,20,2,0,0,0,13,0,2,51,8
72,ソフトバンク,2017,甲斐　拓也,甲斐拓也,右打ち,103,257,207,30,0.232,0.232,48,8,3,5,1,77,18,4,0,22,0,26,1,2,68,2
557,ヤクルト,2017,大引　啓次,大引啓次,右打ち,80,311,273,25,0.227,0.227,62,11,0,5,1,88,29,3,0,10,0,27,0,1,43,8
125,ロッテ,2017,大嶺　翔太,大嶺翔太,右打ち,91,240,214,15,0.206,0.206,44,9,2,5,1,72,23,1,0,9,2,14,0,1,56,1
283,オリックス,2017,伊藤　光,伊藤光,右打ち,103,239,196,21,0.189,0.189,37,9,2,5,1,65,23,0,0,22,1,18,1,2,47,2
391,巨人,2017,宇佐見　真吾,宇佐見真吾,左打ち,21,45,40,6,0.35,0.35,14,0,0,4,1,26,8,0,0,0,0,3,0,2,14,0
336,広島,2017,安部　友裕,安部友裕,左打ち,123,455,413,63,0.31,0.31,128,17,4,4,1,165,49,17,5,12,1,27,1,2,94,3
515,阪神,2017,俊介,俊介,右打ち,74,202,191,26,0.309,0.309,59,15,1,4,1,88,23,1,0,2,0,9,0,0,33,1
520,阪神,2017,鳥谷　敬,鳥谷敬,左打ち,143,570,488,57,0.293,0.293,143,23,3,4,1,184,41,8,7,1,2,77,3,2,62,13
567,ヤクルト,2017,坂口　智隆,坂口智隆,左打ち,136,607,535,51,0.29,0.29,155,16,2,4,1,187,38,4,3,5,3,59,2,5,76,6
653,中日,2017,松井　佑介,松井佑介,右打ち,56,129,119,17,0.277,0.277,33,7,0,4,1,52,18,0,0,1,0,6,1,3,38,2
627,中日,2017,京田　陽太,京田陽太,左打ち,141,602,564,67,0.264,0.264,149,23,8,4,1,200,36,23,13,10,1,18,0,9,105,5
576,ヤクルト,2017,中村　悠平,中村悠平,右打ち,127,486,419,42,0.243,0.243,102,14,4,4,1,136,34,2,1,11,4,42,0,10,65,14
28,日本ハム,2017,近藤　健介,近藤健介,左打ち,57,231,167,32,0.413,0.413,69,15,0,3,1,93,29,3,0,0,2,60,0,2,27,3
94,ソフトバンク,2017,鶴岡　慎也,鶴岡慎也,右打ち,29,32,28,6,0.321,0.321,9,0,0,3,1,18,5,0,0,1,0,3,0,0,3,1
617,中日,2017,大島　洋平,大島洋平,左打ち,119,521,476,50,0.313,0.313,149,20,3,3,1,184,29,23,6,1,3,37,0,4,66,5
232,楽天,2017,オコエ　瑠偉,オコエ瑠偉,右打ち,41,141,130,21,0.3,0.3,39,17,0,3,1,65,11,5,2,5,0,3,0,3,38,3
240,楽天,2017,銀次,銀次,左打ち,143,590,529,55,0.293,0.293,155,30,0,3,1,194,60,2,1,1,2,56,1,2,74,11
188,西武,2017,源田　壮亮,源田壮亮,左打ち,143,647,575,85,0.27,0.27,155,18,10,3,1,202,57,37,10,26,4,36,0,6,100,5
233,楽天,2017,岡島　豪郎,岡島豪郎,左打ち,111,400,342,51,0.26,0.26,89,13,5,3,1,121,32,3,2,10,5,41,0,2,65,6
265,楽天,2017,藤田　一也,藤田一也,左打ち,102,315,270,28,0.252,0.252,68,9,2,3,1,90,33,2,1,25,3,16,1,1,21,8
137,ロッテ,2017,サントス,サントス,左打ち,66,193,180,22,0.25,0.25,45,10,0,3,1,64,8,5,4,5,0,7,0,1,46,2
148,ロッテ,2017,田村　龍弘,田村龍弘,右打ち,132,359,311,31,0.248,0.248,77,12,3,3,1,104,36,4,2,17,4,26,0,1,68,7
483,DeNA,2017,嶺井　博希,嶺井博希,右打ち,52,135,121,14,0.248,0.248,30,3,1,3,1,44,12,0,0,4,0,4,0,6,35,3
440,DeNA,2017,ウィーランド,ウィーランド,右打ち,21,54,48,5,0.229,0.229,11,1,0,3,1,21,12,0,0,1,0,4,0,1,21,0
19,日本ハム,2017,大野　奨太,大野奨太,右打ち,83,183,154,13,0.221,0.221,34,5,0,3,1,48,13,0,1,8,1,16,0,4,30,1
530,阪神,2017,北條　史也,北條史也,右打ち,83,252,219,26,0.21,0.21,46,7,2,3,1,66,20,0,0,7,2,23,0,1,42,4
6,日本ハム,2017,石井　一成,石井一成,左打ち,114,361,317,33,0.205,0.205,65,8,2,3,1,86,24,3,5,14,1,28,0,1,113,6
135,ロッテ,2017,清田　育宏,清田育宏,右打ち,79,263,231,28,0.203,0.203,47,8,1,3,1,66,21,3,0,5,0,24,0,3,61,8
281,オリックス,2017,安達　了一,安達了一,右打ち,109,380,316,40,0.203,0.203,64,9,3,3,1,88,26,4,3,17,0,37,0,10,61,5
247,楽天,2017,嶋　基宏,嶋基宏,右打ち,112,369,281,34,0.199,0.199,56,9,0,3,1,74,28,2,1,27,1,57,0,3,62,8
102,ソフトバンク,2017,福田　秀平,福田秀平,左打ち,104,113,104,15,0.183,0.183,19,2,1,3,1,32,16,4,2,3,0,6,0,0,34,1
170,ロッテ,2017,吉田　裕太,吉田裕太,右打ち,61,107,94,10,0.17,0.17,16,7,0,3,1,32,6,0,0,6,0,7,0,0,30,4
558,ヤクルト,2017,大松　尚逸,大松尚逸,左打ち,94,143,130,5,0.162,0.162,21,3,0,3,1,33,16,0,0,0,0,13,0,0,27,5
191,西武,2017,坂田　遼,坂田遼,左打ち,11,19,16,2,0.438,0.438,7,0,0,2,1,13,4,0,0,0,0,3,0,0,8,0
478,DeNA,2017,細川　成也,細川成也,右打ち,2,6,5,2,0.4,0.4,2,0,0,2,1,8,4,0,0,0,0,1,0,0,3,0
219,西武,2017,森　友哉,森友哉,左打ち,38,145,124,16,0.339,0.339,42,8,3,2,1,62,18,3,1,0,0,21,0,0,24,4
599,ヤクルト,2017,雄平,雄平,左打ち,71,300,281,29,0.306,0.306,86,21,0,2,1,113,32,2,3,0,2,12,0,5,42,5
307,オリックス,2017,武田　健吾,武田健吾,右打ち,97,219,207,19,0.295,0.295,61,8,0,2,1,75,14,0,0,4,0,5,0,3,47,3
625,中日,2017,亀澤　恭平,亀澤恭平,左打ち,98,290,254,31,0.287,0.287,73,5,0,2,1,84,13,6,6,18,2,13,0,3,30,1
321,オリックス,2017,宮﨑　祐樹,宮﨑祐樹,右打ち,52,146,137,9,0.27,0.27,37,7,2,2,1,54,13,0,1,1,1,6,0,1,32,0
451,DeNA,2017,倉本　寿彦,倉本寿彦,左打ち,143,539,507,49,0.262,0.262,133,27,1,2,1,168,50,3,1,9,1,18,0,4,102,10
497,阪神,2017,伊藤　隼太,伊藤隼太,左打ち,73,73,69,9,0.261,0.261,18,2,0,2,1,26,9,0,1,0,0,4,0,0,16,1
587,ヤクルト,2017,藤井　亮太,藤井亮太,左打ち,97,309,292,20,0.257,0.257,75,3,0,2,1,84,12,5,3,6,1,9,0,1,56,6
35,日本ハム,2017,田中　賢介,田中賢介,左打ち,107,349,314,22,0.252,0.252,79,6,1,2,1,93,18,11,4,0,0,35,1,0,36,4
514,阪神,2017,坂本　誠志郎,坂本誠志郎,右打ち,42,132,113,13,0.248,0.248,28,5,0,2,1,39,17,0,0,3,0,15,1,1,32,1
286,オリックス,2017,大城　滉二,大城滉二,右打ち,122,400,345,28,0.246,0.246,85,10,1,2,1,103,21,7,4,35,1,16,0,3,59,6
436,DeNA,2017,石川　雄洋,石川雄洋,左打ち,63,192,167,18,0.246,0.246,41,7,0,2,1,54,11,1,1,6,3,12,0,4,41,4
116,ロッテ,2017,井口　資仁,井口資仁,右打ち,65,144,123,9,0.244,0.244,30,7,0,2,1,43,15,0,0,0,2,19,1,0,27,4
166,ロッテ,2017,三木　亮,三木亮,右打ち,85,229,207,18,0.242,0.242,50,9,0,2,1,65,19,0,1,9,2,8,0,3,55,1
304,オリックス,2017,駿太,駿太,左打ち,129,329,296,29,0.24,0.24,71,16,7,2,1,107,27,4,3,13,4,15,1,1,76,3
341,広島,2017,磯村　嘉孝,磯村嘉孝,右打ち,21,39,34,6,0.235,0.235,8,2,0,2,1,16,3,0,0,1,0,3,0,1,8,1
314,オリックス,2017,西野　真弘,西野真弘,左打ち,100,331,282,33,0.234,0.234,66,11,2,2,1,87,21,8,4,16,3,24,0,6,46,4
636,中日,2017,高橋　周平,高橋周平,左打ち,41,148,129,12,0.233,0.233,30,6,0,2,1,42,10,0,2,1,3,15,0,0,31,3
88,ソフトバンク,2017,髙田　知季,髙田知季,左打ち,58,130,114,10,0.228,0.228,26,4,2,2,1,40,8,2,0,9,0,5,0,2,28,0
616,中日,2017,遠藤　一星,遠藤一星,左打ち,50,109,102,4,0.225,0.225,23,3,1,2,1,34,11,2,1,2,0,4,0,1,28,1
652,中日,2017,松井　雅人,松井雅人,左打ち,87,244,208,22,0.221,0.221,46,7,1,2,1,61,17,0,0,10,1,22,0,3,63,3
639,中日,2017,谷　哲也,谷哲也,右打ち,53,100,92,9,0.217,0.217,20,3,0,2,1,29,11,0,1,2,1,5,0,0,23,0
100,ソフトバンク,2017,長谷川　勇也,長谷川勇也,左打ち,23,44,37,5,0.216,0.216,8,1,2,2,1,19,7,1,0,0,0,7,0,0,15,0
297,オリックス,2017,小島　脩平,小島脩平,左打ち,61,182,164,17,0.213,0.213,35,5,2,2,1,50,19,3,0,9,2,7,0,0,21,4
581,ヤクルト,2017,畠山　和洋,畠山和洋,右打ち,15,62,52,6,0.212,0.212,11,3,0,2,1,20,4,0,0,0,0,8,0,2,13,2
271,楽天,2017,松井　稼頭央,松井稼頭央,左右打ち,44,83,76,6,0.211,0.211,16,2,1,2,1,26,10,0,1,0,0,6,0,1,23,1
399,巨人,2017,小林　誠司,小林誠司,右打ち,138,443,378,25,0.206,0.206,78,11,1,2,1,97,27,2,0,19,3,41,4,2,64,12
504,阪神,2017,梅野　隆太郎,梅野隆太郎,右打ち,112,340,282,22,0.206,0.206,58,9,2,2,1,77,33,1,0,27,3,24,2,4,63,3
186,西武,2017,木村　文紀,木村文紀,右打ち,105,203,184,26,0.201,0.201,37,5,1,2,1,50,13,7,4,4,1,13,0,1,53,5
508,阪神,2017,岡﨑　太一,岡﨑太一,右打ち,34,54,41,4,0.195,0.195,8,0,0,2,1,14,5,0,0,7,0,5,1,1,12,0
565,ヤクルト,2017,グリーン,グリーン,左打ち,25,81,72,5,0.194,0.194,14,2,0,2,1,22,8,0,0,0,0,7,0,2,17,2
163,ロッテ,2017,細谷　圭,細谷圭,右打ち,41,106,100,8,0.19,0.19,19,3,2,2,1,32,13,0,0,1,0,5,0,0,38,2
443,DeNA,2017,乙坂　智,乙坂智,左打ち,83,66,63,7,0.19,0.19,12,3,0,2,1,21,3,0,0,1,0,1,0,1,13,0
112,ソフトバンク,2017,吉村　裕基,吉村裕基,右打ち,8,19,17,2,0.176,0.176,3,0,0,2,1,9,2,0,0,0,0,1,0,1,7,1
93,ソフトバンク,2017,塚田　正義,塚田正義,右打ち,14,27,26,3,0.154,0.154,4,1,0,2,1,11,2,0,0,0,0,0,0,1,8,1
661,中日,2017,山井　大介,山井大介,右打ち,2,5,3,2,0.667,0.667,2,1,0,1,1,6,1,0,0,2,0,0,0,0,1,0
345,広島,2017,岩本　貴裕,岩本貴裕,左打ち,33,50,48,5,0.375,0.375,18,4,0,1,1,25,13,0,0,1,0,1,0,0,15,2
611,中日,2017,石川　駿,石川駿,右打ち,9,17,17,1,0.353,0.353,6,0,0,1,1,9,1,0,0,0,0,0,0,0,5,0
539,阪神,2017,大和,大和,左右打ち,100,252,232,25,0.28,0.28,65,6,0,1,1,74,16,2,3,1,1,18,0,0,37,5
60,ソフトバンク,2017,明石　健志,明石健志,左打ち,103,339,290,37,0.279,0.279,81,10,3,1,1,100,23,5,6,15,3,30,1,1,57,3
323,オリックス,2017,モレル,モレル,右打ち,38,110,98,9,0.276,0.276,27,8,0,1,1,38,11,0,2,0,0,12,0,0,28,3
418,巨人,2017,橋本　到,橋本到,左打ち,78,139,120,19,0.267,0.267,32,7,1,1,1,44,6,3,2,6,1,11,0,1,30,2
498,阪神,2017,糸原　健斗,糸原健斗,左打ち,66,193,162,18,0.259,0.259,42,13,0,1,1,58,24,1,0,5,0,23,0,3,26,1
228,楽天,2017,今江　年晶,今江年晶,右打ち,51,135,128,11,0.25,0.25,32,7,1,1,1,44,10,0,0,1,0,6,0,0,26,3
261,楽天,2017,聖澤　諒,聖澤諒,左打ち,111,252,232,29,0.25,0.25,58,14,2,1,1,79,21,2,1,2,1,13,0,4,50,2
442,DeNA,2017,エリアン,エリアン,左右打ち,25,62,56,9,0.25,0.25,14,1,0,1,1,18,1,0,0,0,0,6,0,0,22,2
274,楽天,2017,三好　匠,三好匠,右打ち,56,115,103,12,0.243,0.243,25,9,0,1,1,37,9,0,1,4,1,7,0,0,27,1
595,ヤクルト,2017,山崎　晃大朗,山崎晃大朗,左打ち,59,246,219,30,0.242,0.242,53,10,2,1,1,70,13,6,5,9,0,18,0,0,44,3
413,巨人,2017,寺内　崇幸,寺内崇幸,右打ち,83,34,25,7,0.24,0.24,6,3,1,1,1,14,6,1,0,5,0,3,0,1,8,0
203,西武,2017,永江　恭平,永江恭平,左打ち,25,19,17,3,0.235,0.235,4,1,0,1,1,8,4,0,0,2,0,0,0,0,5,0
457,DeNA,2017,柴田　竜拓,柴田竜拓,左打ち,88,248,215,25,0.233,0.233,50,8,0,1,1,61,11,1,1,11,2,17,0,3,50,2
39,日本ハム,2017,ドレイク,ドレイク,右打ち,35,86,82,4,0.232,0.232,19,2,0,1,1,24,3,0,0,0,0,3,0,1,22,2
460,DeNA,2017,白根　尚貴,白根尚貴,右打ち,12,13,13,2,0.231,0.231,3,0,0,1,1,6,2,0,0,0,0,0,0,0,2,0
637,中日,2017,武山　真吾,武山真吾,右打ち,50,76,66,2,0.227,0.227,15,1,0,1,1,19,7,0,0,2,0,7,0,1,21,3
155,ロッテ,2017,根元　俊一,根元俊一,左打ち,40,118,109,10,0.22,0.22,24,7,1,1,1,36,9,1,0,2,0,6,0,1,34,0
365,広島,2017,堂林　翔太,堂林翔太,右打ち,44,54,46,4,0.217,0.217,10,1,0,1,1,14,11,0,0,0,3,5,0,0,13,0
224,楽天,2017,足立　祐一,足立祐一,右打ち,49,87,76,5,0.211,0.211,16,1,1,1,1,22,7,0,1,5,0,5,0,1,18,1
553,ヤクルト,2017,鵜久森　淳志,鵜久森淳志,右打ち,45,91,86,6,0.209,0.209,18,5,1,1,1,28,7,1,0,0,0,5,0,0,15,1
40,日本ハム,2017,中島　卓也,中島卓也,左打ち,91,331,283,26,0.208,0.208,59,1,2,1,1,67,13,11,3,25,0,23,0,0,80,2
630,中日,2017,近藤　弘基,近藤弘基,右打ち,14,33,29,5,0.207,0.207,6,1,0,1,1,10,1,0,0,1,0,3,0,0,7,1
90,ソフトバンク,2017,髙谷　裕亮,髙谷裕亮,左打ち,92,195,175,9,0.206,0.206,36,4,0,1,1,43,20,0,1,5,2,12,0,1,30,1
641,中日,2017,堂上　直倫,堂上直倫,右打ち,91,167,151,11,0.205,0.205,31,7,0,1,1,41,8,0,1,7,0,9,0,0,39,4
340,広島,2017,石原　慶幸,石原慶幸,右打ち,77,167,147,11,0.204,0.204,30,4,0,1,1,37,12,1,0,8,2,10,0,0,33,8
334,オリックス,2017,若月　健矢,若月健矢,右打ち,100,256,218,16,0.202,0.202,44,8,2,1,1,59,18,0,0,23,2,10,0,3,50,9
469,DeNA,2017,田中　浩康,田中浩康,右打ち,66,175,154,15,0.201,0.201,31,3,1,1,1,39,20,2,0,8,0,11,0,2,25,4
30,日本ハム,2017,清水　優心,清水優心,右打ち,61,120,111,7,0.198,0.198,22,4,0,1,1,29,10,0,0,3,1,5,0,0,35,4
511,阪神,2017,キャンベル,キャンベル,右打ち,21,54,47,5,0.191,0.191,9,2,0,1,1,14,5,0,0,0,0,7,0,0,17,2
428,巨人,2017,山本　泰寛,山本泰寛,右打ち,29,83,66,8,0.182,0.182,12,2,0,1,1,17,7,1,0,7,0,9,0,1,18,1
69,ソフトバンク,2017,江川　智晃,江川智晃,右打ち,32,71,67,6,0.179,0.179,12,3,0,1,1,18,5,0,0,1,0,2,0,1,20,0
158,ロッテ,2017,平沢　大河,平沢大河,左打ち,50,129,119,9,0.176,0.176,21,2,1,1,1,28,3,1,0,3,0,6,0,1,40,1
16,日本ハム,2017,太田　賢吾,太田賢吾,左打ち,40,88,82,9,0.171,0.171,14,2,1,1,1,21,6,0,0,4,0,2,0,0,21,1
9,日本ハム,2017,市川　友也,市川友也,右打ち,57,154,135,12,0.17,0.17,23,7,0,1,1,33,8,0,0,8,1,6,0,4,32,3
270,楽天,2017,枡田　慎太郎,枡田慎太郎,左打ち,32,77,71,7,0.169,0.169,12,4,0,1,1,19,4,1,0,0,0,6,0,0,23,1
489,阪神,2017,秋山　拓巳,秋山拓巳,左打ち,25,56,48,3,0.167,0.167,8,1,0,1,1,12,3,0,0,6,0,2,0,0,20,0
541,阪神,2017,陽川　尚将,陽川尚将,右打ち,12,19,18,1,0.167,0.167,3,0,0,1,1,6,1,0,0,0,0,1,0,0,8,0
579,ヤクルト,2017,西田　明央,西田明央,右打ち,37,86,73,4,0.137,0.137,10,3,0,1,1,16,7,1,0,0,1,11,0,1,20,2
533,阪神,2017,メッセンジャー,メッセンジャー,右打ち,22,50,44,3,0.136,0.136,6,1,0,1,1,10,2,0,0,6,0,0,0,0,17,0
140,ロッテ,2017,柴田　講平,柴田講平,左打ち,17,34,33,2,0.121,0.121,4,0,0,1,1,7,2,1,0,0,0,0,0,1,9,0
305,オリックス,2017,杉本　裕太郎,杉本裕太郎,右打ち,9,17,17,2,0.118,0.118,2,1,0,1,1,6,2,0,0,0,0,0,0,0,6,1
644,中日,2017,バルデス,バルデス,左打ち,23,48,44,1,0.114,0.114,5,1,0,1,1,9,5,0,0,3,0,1,0,0,17,0
253,楽天,2017,田中　和基,田中和基,左右打ち,51,59,54,9,0.111,0.111,6,2,0,1,1,11,2,7,2,2,0,3,0,0,25,0
420,巨人,2017,マイコラス,マイコラス,右打ち,27,67,64,3,0.109,0.109,7,2,0,1,1,12,4,0,0,3,0,0,0,0,37,0
269,楽天,2017,細川　亨,細川亨,右打ち,20,23,20,1,0.1,0.1,2,0,0,1,1,5,1,0,0,3,0,0,0,0,9,0
84,ソフトバンク,2017,ジェンセン,ジェンセン,右打ち,6,14,12,2,0.083,0.083,1,0,0,1,1,4,1,0,0,0,0,2,0,0,9,0
105,ソフトバンク,2017,真砂　勇介,真砂勇介,右打ち,9,13,12,2,0.083,0.083,1,0,0,1,1,4,1,0,0,0,0,1,0,0,2,0
198,西武,2017,田代　将太郎,田代将太郎,左打ち,38,62,56,8,0.071,0.071,4,0,1,1,1,9,5,3,2,0,0,5,0,1,16,1
655,中日,2017,溝脇　隼人,溝脇隼人,左打ち,12,16,14,1,0.071,0.071,1,0,0,1,1,4,1,0,0,0,0,2,0,0,5,1
2,日本ハム,2017,新垣　勇人,新垣勇人,右打ち,1,0,0,0,#DIV/0!,打率なし,0,0,0,0,0,0,0,0,0,0,0,0,0,0,0,0
5,日本ハム,2017,井口　和朋,井口和朋,右打ち,17,0,0,0,#DIV/0!,打率なし,0,0,0,0,0,0,0,0,0,0,0,0,0,0,0,0
7,日本ハム,2017,石井　裕也,石井裕也,左打ち,8,0,0,0,#DIV/0!,打率なし,0,0,0,0,0,0,0,0,0,0,0,0,0,0,0,0
8,日本ハム,2017,石川　直也,石川直也,右打ち,37,0,0,0,#DIV/0!,打率なし,0,0,0,0,0,0,0,0,0,0,0,0,0,0,0,0
11,日本ハム,2017,上原　健太,上原健太,左打ち,9,0,0,0,#DIV/0!,打率なし,0,0,0,0,0,0,0,0,0,0,0,0,0,0,0,0
12,日本ハム,2017,浦野　博司,浦野博司,右打ち,7,0,0,0,#DIV/0!,打率なし,0,0,0,0,0,0,0,0,0,0,0,0,0,0,0,0
14,日本ハム,2017,エスコバー,エスコバー,左打ち,14,0,0,0,#DIV/0!,打率なし,0,0,0,0,0,0,0,0,0,0,0,0,0,0,0,0
15,日本ハム,2017,榎下　陽大,榎下陽大,右打ち,8,0,0,0,#DIV/0!,打率なし,0,0,0,0,0,0,0,0,0,0,0,0,0,0,0,0
22,日本ハム,2017,鍵谷　陽平,鍵谷陽平,右打ち,60,0,0,0,#DIV/0!,打率なし,0,0,0,0,0,0,0,0,0,0,0,0,0,0,0,0
25,日本ハム,2017,公文　克彦,公文克彦,左打ち,41,0,0,0,#DIV/0!,打率なし,0,0,0,0,0,0,0,0,0,0,0,0,0,0,0,0
29,日本ハム,2017,斎藤　佑樹,斎藤佑樹,右打ち,6,1,0,0,#DIV/0!,打率なし,0,0,0,0,0,0,0,0,0,0,0,1,0,0,0,0
34,日本ハム,2017,武田　久,武田久,左打ち,7,0,0,0,#DIV/0!,打率なし,0,0,0,0,0,0,0,0,0,0,0,0,0,0,0,0
36,日本ハム,2017,田中　豊樹,田中豊樹,右打ち,19,0,0,0,#DIV/0!,打率なし,0,0,0,0,0,0,0,0,0,0,0,0,0,0,0,0
37,日本ハム,2017,谷元　圭介,谷元圭介,右打ち,36,0,0,0,#DIV/0!,打率なし,0,0,0,0,0,0,0,0,0,0,0,0,0,0,0,0
38,日本ハム,2017,玉井　大翔,玉井大翔,右打ち,24,0,0,0,#DIV/0!,打率なし,0,0,0,0,0,0,0,0,0,0,0,0,0,0,0,0
42,日本ハム,2017,中村　勝,中村勝,右打ち,2,0,0,0,#DIV/0!,打率なし,0,0,0,0,0,0,0,0,0,0,0,0,0,0,0,0
44,日本ハム,2017,白村　明弘,白村明弘,左打ち,24,0,0,0,#DIV/0!,打率なし,0,0,0,0,0,0,0,0,0,0,0,0,0,0,0,0
46,日本ハム,2017,堀　瑞輝,堀瑞輝,左打ち,4,0,0,0,#DIV/0!,打率なし,0,0,0,0,0,0,0,0,0,0,0,0,0,0,0,0
47,日本ハム,2017,マーティン,マーティン,右打ち,40,0,0,0,#DIV/0!,打率なし,0,0,0,0,0,0,0,0,0,0,0,0,0,0,0,0
48,日本ハム,2017,増井　浩俊,増井浩俊,右打ち,52,0,0,0,#DIV/0!,打率なし,0,0,0,0,0,0,0,0,0,0,0,0,0,0,0,0
50,日本ハム,2017,宮西　尚生,宮西尚生,左打ち,51,0,0,0,#DIV/0!,打率なし,0,0,0,0,0,0,0,0,0,0,0,0,0,0,0,0
57,日本ハム,2017,吉田　侑樹,吉田侑樹,右打ち,5,0,0,0,#DIV/0!,打率なし,0,0,0,0,0,0,0,0,0,0,0,0,0,0,0,0
62,ソフトバンク,2017,飯田　優也,飯田優也,左打ち,19,0,0,0,#DIV/0!,打率なし,0,0,0,0,0,0,0,0,0,0,0,0,0,0,0,0
70,ソフトバンク,2017,大隣　憲司,大隣憲司,左打ち,1,0,0,0,#DIV/0!,打率なし,0,0,0,0,0,0,0,0,0,0,0,0,0,0,0,0
73,ソフトバンク,2017,笠原　大芽,笠原大芽,右打ち,6,0,0,0,#DIV/0!,打率なし,0,0,0,0,0,0,0,0,0,0,0,0,0,0,0,0
74,ソフトバンク,2017,笠谷　俊介,笠谷俊介,左打ち,3,0,0,0,#DIV/0!,打率なし,0,0,0,0,0,0,0,0,0,0,0,0,0,0,0,0
75,ソフトバンク,2017,加治屋　蓮,加治屋蓮,右打ち,2,0,0,0,#DIV/0!,打率なし,0,0,0,0,0,0,0,0,0,0,0,0,0,0,0,0
82,ソフトバンク,2017,小澤　怜史,小澤怜史,左打ち,2,0,0,0,#DIV/0!,打率なし,0,0,0,0,0,0,0,0,0,0,0,0,0,0,0,0
83,ソフトバンク,2017,サファテ,サファテ,右打ち,66,0,0,0,#DIV/0!,打率なし,0,0,0,0,0,0,0,0,0,0,0,0,0,0,0,0
85,ソフトバンク,2017,攝津　正,攝津正,右打ち,7,0,0,0,#DIV/0!,打率なし,0,0,0,0,0,0,0,0,0,0,0,0,0,0,0,0
89,ソフトバンク,2017,髙橋　純平,髙橋純平,右打ち,1,0,0,0,#DIV/0!,打率なし,0,0,0,0,0,0,0,0,0,0,0,0,0,0,0,0
91,ソフトバンク,2017,武田　翔太,武田翔太,右打ち,13,0,0,0,#DIV/0!,打率なし,0,0,0,0,0,0,0,0,0,0,0,0,0,0,0,0
96,ソフトバンク,2017,寺原　隼人,寺原隼人,右打ち,24,0,0,0,#DIV/0!,打率なし,0,0,0,0,0,0,0,0,0,0,0,0,0,0,0,0
108,ソフトバンク,2017,モイネロ,モイネロ,左打ち,34,0,0,0,#DIV/0!,打率なし,0,0,0,0,0,0,0,0,0,0,0,0,0,0,0,0
109,ソフトバンク,2017,森　唯斗,森唯斗,右打ち,64,0,0,0,#DIV/0!,打率なし,0,0,0,0,0,0,0,0,0,0,0,0,0,0,0,0
113,ソフトバンク,2017,和田　毅,和田毅,左打ち,8,0,0,0,#DIV/0!,打率なし,0,0,0,0,0,0,0,0,0,0,0,0,0,0,0,0
114,ロッテ,2017,阿部　和成,阿部和成,右打ち,2,0,0,0,#DIV/0!,打率なし,0,0,0,0,0,0,0,0,0,0,0,0,0,0,0,0
115,ロッテ,2017,有吉　優樹,有吉優樹,右打ち,53,0,0,0,#DIV/0!,打率なし,0,0,0,0,0,0,0,0,0,0,0,0,0,0,0,0
121,ロッテ,2017,内　竜也,内竜也,右打ち,50,0,0,0,#DIV/0!,打率なし,0,0,0,0,0,0,0,0,0,0,0,0,0,0,0,0
124,ロッテ,2017,大谷　智久,大谷智久,右打ち,55,0,0,0,#DIV/0!,打率なし,0,0,0,0,0,0,0,0,0,0,0,0,0,0,0,0
126,ロッテ,2017,大嶺　祐太,大嶺祐太,左打ち,20,0,0,0,#DIV/0!,打率なし,0,0,0,0,0,0,0,0,0,0,0,0,0,0,0,0
136,ロッテ,2017,黒沢　翔太,黒沢翔太,右打ち,2,0,0,0,#DIV/0!,打率なし,0,0,0,0,0,0,0,0,0,0,0,0,0,0,0,0
138,ロッテ,2017,酒居　知史,酒居知史,右打ち,19,0,0,0,#DIV/0!,打率なし,0,0,0,0,0,0,0,0,0,0,0,0,0,0,0,0
141,ロッテ,2017,スタンリッジ,スタンリッジ,右打ち,14,0,0,0,#DIV/0!,打率なし,0,0,0,0,0,0,0,0,0,0,0,0,0,0,0,0
143,ロッテ,2017,関谷　亮太,関谷亮太,右打ち,10,0,0,0,#DIV/0!,打率なし,0,0,0,0,0,0,0,0,0,0,0,0,0,0,0,0
145,ロッテ,2017,高野　圭佑,高野圭佑,右打ち,8,0,0,0,#DIV/0!,打率なし,0,0,0,0,0,0,0,0,0,0,0,0,0,0,0,0
147,ロッテ,2017,田中　靖洋,田中靖洋,右打ち,13,0,0,0,#DIV/0!,打率なし,0,0,0,0,0,0,0,0,0,0,0,0,0,0,0,0
150,ロッテ,2017,東條　大樹,東條大樹,右打ち,12,0,0,0,#DIV/0!,打率なし,0,0,0,0,0,0,0,0,0,0,0,0,0,0,0,0
151,ロッテ,2017,土肥　星也,土肥星也,左打ち,18,0,0,0,#DIV/0!,打率なし,0,0,0,0,0,0,0,0,0,0,0,0,0,0,0,0
153,ロッテ,2017,成田　翔,成田翔,左打ち,4,0,0,0,#DIV/0!,打率なし,0,0,0,0,0,0,0,0,0,0,0,0,0,0,0,0
154,ロッテ,2017,西野　勇士,西野勇士,右打ち,5,0,0,0,#DIV/0!,打率なし,0,0,0,0,0,0,0,0,0,0,0,0,0,0,0,0
160,ロッテ,2017,藤岡　貴裕,藤岡貴裕,左打ち,10,0,0,0,#DIV/0!,打率なし,0,0,0,0,0,0,0,0,0,0,0,0,0,0,0,0
164,ロッテ,2017,益田　直也,益田直也,右打ち,38,0,0,0,#DIV/0!,打率なし,0,0,0,0,0,0,0,0,0,0,0,0,0,0,0,0
165,ロッテ,2017,松永　昂大,松永昂大,左打ち,50,0,0,0,#DIV/0!,打率なし,0,0,0,0,0,0,0,0,0,0,0,0,0,0,0,0
168,ロッテ,2017,南　昌輝,南昌輝,右打ち,19,0,0,0,#DIV/0!,打率なし,0,0,0,0,0,0,0,0,0,0,0,0,0,0,0,0
169,ロッテ,2017,宮﨑　敦次,宮﨑敦次,左打ち,6,0,0,0,#DIV/0!,打率なし,0,0,0,0,0,0,0,0,0,0,0,0,0,0,0,0
178,西武,2017,大石　達也,大石達也,左打ち,20,0,0,0,#DIV/0!,打率なし,0,0,0,0,0,0,0,0,0,0,0,0,0,0,0,0
183,西武,2017,キャンデラリオ,キャンデラリオ,右打ち,1,0,0,0,#DIV/0!,打率なし,0,0,0,0,0,0,0,0,0,0,0,0,0,0,0,0
189,西武,2017,小石　博孝,小石博孝,左打ち,10,0,0,0,#DIV/0!,打率なし,0,0,0,0,0,0,0,0,0,0,0,0,0,0,0,0
193,西武,2017,シュリッター,シュリッター,右打ち,64,0,0,0,#DIV/0!,打率なし,0,0,0,0,0,0,0,0,0,0,0,0,0,0,0,0
195,西武,2017,髙橋　光成,髙橋光成,右打ち,7,0,0,0,#DIV/0!,打率なし,0,0,0,0,0,0,0,0,0,0,0,0,0,0,0,0
196,西武,2017,髙橋　朋己,髙橋朋己,左打ち,3,0,0,0,#DIV/0!,打率なし,0,0,0,0,0,0,0,0,0,0,0,0,0,0,0,0
197,西武,2017,武隈　祥太,武隈祥太,左打ち,58,0,0,0,#DIV/0!,打率なし,0,0,0,0,0,0,0,0,0,0,0,0,0,0,0,0
199,西武,2017,田村　伊知郎,田村伊知郎,左打ち,12,0,0,0,#DIV/0!,打率なし,0,0,0,0,0,0,0,0,0,0,0,0,0,0,0,0
200,西武,2017,多和田　真三郎,多和田真三郎,右打ち,16,0,0,0,#DIV/0!,打率なし,0,0,0,0,0,0,0,0,0,0,0,0,0,0,0,0
204,西武,2017,中塚　駿太,中塚駿太,右打ち,1,0,0,0,#DIV/0!,打率なし,0,0,0,0,0,0,0,0,0,0,0,0,0,0,0,0
207,西武,2017,野田　昇吾,野田昇吾,左打ち,38,0,0,0,#DIV/0!,打率なし,0,0,0,0,0,0,0,0,0,0,0,0,0,0,0,0
208,西武,2017,平井　克典,平井克典,右打ち,42,0,0,0,#DIV/0!,打率なし,0,0,0,0,0,0,0,0,0,0,0,0,0,0,0,0
209,西武,2017,ファイフ,ファイフ,右打ち,5,0,0,0,#DIV/0!,打率なし,0,0,0,0,0,0,0,0,0,0,0,0,0,0,0,0
210,西武,2017,福倉　健太郎,福倉健太郎,右打ち,10,0,0,0,#DIV/0!,打率なし,0,0,0,0,0,0,0,0,0,0,0,0,0,0,0,0
211,西武,2017,藤原　良平,藤原良平,右打ち,8,0,0,0,#DIV/0!,打率なし,0,0,0,0,0,0,0,0,0,0,0,0,0,0,0,0
212,西武,2017,本田　圭佑,本田圭佑,右打ち,5,0,0,0,#DIV/0!,打率なし,0,0,0,0,0,0,0,0,0,0,0,0,0,0,0,0
213,西武,2017,牧田　和久,牧田和久,右打ち,58,0,0,0,#DIV/0!,打率なし,0,0,0,0,0,0,0,0,0,0,0,0,0,0,0,0
214,西武,2017,誠,誠,右打ち,5,0,0,0,#DIV/0!,打率なし,0,0,0,0,0,0,0,0,0,0,0,0,0,0,0,0
215,西武,2017,増田　達至,増田達至,右打ち,57,0,0,0,#DIV/0!,打率なし,0,0,0,0,0,0,0,0,0,0,0,0,0,0,0,0
217,西武,2017,南川　忠亮,南川忠亮,右打ち,5,0,0,0,#DIV/0!,打率なし,0,0,0,0,0,0,0,0,0,0,0,0,0,0,0,0
223,楽天,2017,青山　浩二,青山浩二,右打ち,17,0,0,0,#DIV/0!,打率なし,0,0,0,0,0,0,0,0,0,0,0,0,0,0,0,0
229,楽天,2017,入野　貴大,入野貴大,左打ち,7,0,0,0,#DIV/0!,打率なし,0,0,0,0,0,0,0,0,0,0,0,0,0,0,0,0
234,楽天,2017,小野　郁,小野郁,右打ち,2,0,0,0,#DIV/0!,打率なし,0,0,0,0,0,0,0,0,0,0,0,0,0,0,0,0
235,楽天,2017,金刃　憲人,金刃憲人,左打ち,6,0,0,0,#DIV/0!,打率なし,0,0,0,0,0,0,0,0,0,0,0,0,0,0,0,0
237,楽天,2017,辛島　航,辛島航,左打ち,19,0,0,0,#DIV/0!,打率なし,0,0,0,0,0,0,0,0,0,0,0,0,0,0,0,0
238,楽天,2017,菊池　保則,菊池保則,左打ち,7,0,0,0,#DIV/0!,打率なし,0,0,0,0,0,0,0,0,0,0,0,0,0,0,0,0
242,楽天,2017,久保　裕也,久保裕也,右打ち,27,0,0,0,#DIV/0!,打率なし,0,0,0,0,0,0,0,0,0,0,0,0,0,0,0,0
243,楽天,2017,コラレス,コラレス,右打ち,1,0,0,0,#DIV/0!,打率なし,0,0,0,0,0,0,0,0,0,0,0,0,0,0,0,0
244,楽天,2017,小山　雄輝,小山雄輝,右打ち,5,0,0,0,#DIV/0!,打率なし,0,0,0,0,0,0,0,0,0,0,0,0,0,0,0,0
245,楽天,2017,今野　龍太,今野龍太,右打ち,1,0,0,0,#DIV/0!,打率なし,0,0,0,0,0,0,0,0,0,0,0,0,0,0,0,0
246,楽天,2017,塩見　貴洋,塩見貴洋,左打ち,8,0,0,0,#DIV/0!,打率なし,0,0,0,0,0,0,0,0,0,0,0,0,0,0,0,0
250,楽天,2017,菅原　秀,菅原秀,左打ち,29,0,0,0,#DIV/0!,打率なし,0,0,0,0,0,0,0,0,0,0,0,0,0,0,0,0
251,楽天,2017,宋　家豪,宋家豪,左打ち,5,0,0,0,#DIV/0!,打率なし,0,0,0,0,0,0,0,0,0,0,0,0,0,0,0,0
252,楽天,2017,高梨　雄平,高梨雄平,左打ち,46,0,0,0,#DIV/0!,打率なし,0,0,0,0,0,0,0,0,0,0,0,0,0,0,0,0
254,楽天,2017,戸村　健次,戸村健次,右打ち,13,0,0,0,#DIV/0!,打率なし,0,0,0,0,0,0,0,0,0,0,0,0,0,0,0,0
257,楽天,2017,西宮　悠介,西宮悠介,左打ち,8,0,0,0,#DIV/0!,打率なし,0,0,0,0,0,0,0,0,0,0,0,0,0,0,0,0
259,楽天,2017,ハーマン,ハーマン,左打ち,56,0,0,0,#DIV/0!,打率なし,0,0,0,0,0,0,0,0,0,0,0,0,0,0,0,0
260,楽天,2017,濱矢　廣大,濱矢廣大,左打ち,9,0,0,0,#DIV/0!,打率なし,0,0,0,0,0,0,0,0,0,0,0,0,0,0,0,0
262,楽天,2017,フェルナンド,フェルナンド,右打ち,2,0,0,0,#DIV/0!,打率なし,0,0,0,0,0,0,0,0,0,0,0,0,0,0,0,0
264,楽天,2017,福山　博之,福山博之,右打ち,65,0,0,0,#DIV/0!,打率なし,0,0,0,0,0,0,0,0,0,0,0,0,0,0,0,0
266,楽天,2017,藤平　尚真,藤平尚真,右打ち,8,1,0,0,#DIV/0!,打率なし,0,0,0,0,0,0,0,0,0,1,0,0,0,0,0,0
272,楽天,2017,松井　裕樹,松井裕樹,左打ち,52,0,0,0,#DIV/0!,打率なし,0,0,0,0,0,0,0,0,0,0,0,0,0,0,0,0
277,楽天,2017,森　雄大,森雄大,左打ち,8,0,0,0,#DIV/0!,打率なし,0,0,0,0,0,0,0,0,0,0,0,0,0,0,0,0
278,楽天,2017,森原　康平,森原康平,左打ち,42,0,0,0,#DIV/0!,打率なし,0,0,0,0,0,0,0,0,0,0,0,0,0,0,0,0
279,オリックス,2017,青山　大紀,青山大紀,左打ち,1,0,0,0,#DIV/0!,打率なし,0,0,0,0,0,0,0,0,0,0,0,0,0,0,0,0
285,オリックス,2017,ウエスト,ウエスト,右打ち,2,0,0,0,#DIV/0!,打率なし,0,0,0,0,0,0,0,0,0,0,0,0,0,0,0,0
287,オリックス,2017,大山　暁史,大山暁史,左打ち,32,0,0,0,#DIV/0!,打率なし,0,0,0,0,0,0,0,0,0,0,0,0,0,0,0,0
290,オリックス,2017,海田　智行,海田智行,左打ち,12,0,0,0,#DIV/0!,打率なし,0,0,0,0,0,0,0,0,0,0,0,0,0,0,0,0
292,オリックス,2017,金田　和之,金田和之,右打ち,34,0,0,0,#DIV/0!,打率なし,0,0,0,0,0,0,0,0,0,0,0,0,0,0,0,0
294,オリックス,2017,岸田　護,岸田護,右打ち,4,0,0,0,#DIV/0!,打率なし,0,0,0,0,0,0,0,0,0,0,0,0,0,0,0,0
295,オリックス,2017,黒木　優太,黒木優太,左打ち,55,0,0,0,#DIV/0!,打率なし,0,0,0,0,0,0,0,0,0,0,0,0,0,0,0,0
296,オリックス,2017,コーク,コーク,左打ち,6,0,0,0,#DIV/0!,打率なし,0,0,0,0,0,0,0,0,0,0,0,0,0,0,0,0
298,オリックス,2017,小林　慶祐,小林慶祐,右打ち,35,0,0,0,#DIV/0!,打率なし,0,0,0,0,0,0,0,0,0,0,0,0,0,0,0,0
300,オリックス,2017,近藤　大亮,近藤大亮,右打ち,55,0,0,0,#DIV/0!,打率なし,0,0,0,0,0,0,0,0,0,0,0,0,0,0,0,0
301,オリックス,2017,佐藤　達也,佐藤達也,右打ち,12,0,0,0,#DIV/0!,打率なし,0,0,0,0,0,0,0,0,0,0,0,0,0,0,0,0
302,オリックス,2017,澤田　圭佑,澤田圭佑,左打ち,13,0,0,0,#DIV/0!,打率なし,0,0,0,0,0,0,0,0,0,0,0,0,0,0,0,0
308,オリックス,2017,塚原　頌平,塚原頌平,左打ち,4,0,0,0,#DIV/0!,打率なし,0,0,0,0,0,0,0,0,0,0,0,0,0,0,0,0
315,オリックス,2017,比嘉　幹貴,比嘉幹貴,右打ち,8,0,0,0,#DIV/0!,打率なし,0,0,0,0,0,0,0,0,0,0,0,0,0,0,0,0
318,オリックス,2017,ヘルメン,ヘルメン,右打ち,44,0,0,0,#DIV/0!,打率なし,0,0,0,0,0,0,0,0,0,0,0,0,0,0,0,0
326,オリックス,2017,山﨑　福也,山﨑福也,左打ち,15,0,0,0,#DIV/0!,打率なし,0,0,0,0,0,0,0,0,0,0,0,0,0,0,0,0
327,オリックス,2017,山田　修義,山田修義,左打ち,4,0,0,0,#DIV/0!,打率なし,0,0,0,0,0,0,0,0,0,0,0,0,0,0,0,0
328,オリックス,2017,山本　由伸,山本由伸,右打ち,5,0,0,0,#DIV/0!,打率なし,0,0,0,0,0,0,0,0,0,0,0,0,0,0,0,0
329,オリックス,2017,吉田　一将,吉田一将,左打ち,29,0,0,0,#DIV/0!,打率なし,0,0,0,0,0,0,0,0,0,0,0,0,0,0,0,0
332,オリックス,2017,吉田　凌,吉田凌,右打ち,1,0,0,0,#DIV/0!,打率なし,0,0,0,0,0,0,0,0,0,0,0,0,0,0,0,0
342,広島,2017,一岡　竜司,一岡竜司,右打ち,59,0,0,0,#DIV/0!,打率なし,0,0,0,0,0,0,0,0,0,0,0,0,0,0,0,0
343,広島,2017,今井　啓介,今井啓介,右打ち,4,0,0,0,#DIV/0!,打率なし,0,0,0,0,0,0,0,0,0,0,0,0,0,0,0,0
344,広島,2017,今村　猛,今村猛,右打ち,68,0,0,0,#DIV/0!,打率なし,0,0,0,0,0,0,0,0,0,0,0,0,0,0,0,0
348,広島,2017,オスカル,オスカル,左打ち,2,0,0,0,#DIV/0!,打率なし,0,0,0,0,0,0,0,0,0,0,0,0,0,0,0,0
356,広島,2017,佐藤　祥万,佐藤祥万,左打ち,6,0,0,0,#DIV/0!,打率なし,0,0,0,0,0,0,0,0,0,0,0,0,0,0,0,0
357,広島,2017,ジャクソン,ジャクソン,右打ち,60,0,0,0,#DIV/0!,打率なし,0,0,0,0,0,0,0,0,0,0,0,0,0,0,0,0
368,広島,2017,中﨑　翔太,中﨑翔太,右打ち,59,0,0,0,#DIV/0!,打率なし,0,0,0,0,0,0,0,0,0,0,0,0,0,0,0,0
369,広島,2017,中田　廉,中田廉,右打ち,53,0,0,0,#DIV/0!,打率なし,0,0,0,0,0,0,0,0,0,0,0,0,0,0,0,0
376,広島,2017,ブレイシア,ブレイシア,左打ち,26,0,0,0,#DIV/0!,打率なし,0,0,0,0,0,0,0,0,0,0,0,0,0,0,0,0
378,広島,2017,藤井　皓哉,藤井皓哉,左打ち,2,0,0,0,#DIV/0!,打率なし,0,0,0,0,0,0,0,0,0,0,0,0,0,0,0,0
379,広島,2017,ヘーゲンズ,ヘーゲンズ,右打ち,11,0,0,0,#DIV/0!,打率なし,0,0,0,0,0,0,0,0,0,0,0,0,0,0,0,0
387,巨人,2017,池田　駿,池田駿,左打ち,33,0,0,0,#DIV/0!,打率なし,0,0,0,0,0,0,0,0,0,0,0,0,0,0,0,0
389,巨人,2017,乾　真大,乾真大,左打ち,5,0,0,0,#DIV/0!,打率なし,0,0,0,0,0,0,0,0,0,0,0,0,0,0,0,0
393,巨人,2017,江柄子　裕樹,江柄子裕樹,右打ち,2,0,0,0,#DIV/0!,打率なし,0,0,0,0,0,0,0,0,0,0,0,0,0,0,0,0
401,巨人,2017,桜井　俊貴,桜井俊貴,右打ち,19,0,0,0,#DIV/0!,打率なし,0,0,0,0,0,0,0,0,0,0,0,0,0,0,0,0
404,巨人,2017,篠原　慎平,篠原慎平,左打ち,23,0,0,0,#DIV/0!,打率なし,0,0,0,0,0,0,0,0,0,0,0,0,0,0,0,0
409,巨人,2017,谷岡　竜平,谷岡竜平,右打ち,5,0,0,0,#DIV/0!,打率なし,0,0,0,0,0,0,0,0,0,0,0,0,0,0,0,0
410,巨人,2017,田原　誠次,田原誠次,左打ち,27,0,0,0,#DIV/0!,打率なし,0,0,0,0,0,0,0,0,0,0,0,0,0,0,0,0
414,巨人,2017,戸根　千明,戸根千明,左打ち,6,0,0,0,#DIV/0!,打率なし,0,0,0,0,0,0,0,0,0,0,0,0,0,0,0,0
422,巨人,2017,マシソン,マシソン,右打ち,59,0,0,0,#DIV/0!,打率なし,0,0,0,0,0,0,0,0,0,0,0,0,0,0,0,0
425,巨人,2017,森福　允彦,森福允彦,左打ち,30,0,0,0,#DIV/0!,打率なし,0,0,0,0,0,0,0,0,0,0,0,0,0,0,0,0
427,巨人,2017,山口　鉄也,山口鉄也,左打ち,18,0,0,0,#DIV/0!,打率なし,0,0,0,0,0,0,0,0,0,0,0,0,0,0,0,0
445,DeNA,2017,加賀　繁,加賀繁,右打ち,33,0,0,0,#DIV/0!,打率なし,0,0,0,0,0,0,0,0,0,0,0,0,0,0,0,0
448,DeNA,2017,国吉　佑樹,国吉佑樹,右打ち,4,0,0,0,#DIV/0!,打率なし,0,0,0,0,0,0,0,0,0,0,0,0,0,0,0,0
454,DeNA,2017,小林　寛,小林寛,右打ち,3,0,0,0,#DIV/0!,打率なし,0,0,0,0,0,0,0,0,0,0,0,0,0,0,0,0
461,DeNA,2017,進藤　拓也,進藤拓也,右打ち,12,0,0,0,#DIV/0!,打率なし,0,0,0,0,0,0,0,0,0,0,0,0,0,0,0,0
462,DeNA,2017,須田　幸太,須田幸太,右打ち,23,0,0,0,#DIV/0!,打率なし,0,0,0,0,0,0,0,0,0,0,0,0,0,0,0,0
463,DeNA,2017,砂田　毅樹,砂田毅樹,左打ち,62,0,0,0,#DIV/0!,打率なし,0,0,0,0,0,0,0,0,0,0,0,0,0,0,0,0
466,DeNA,2017,高崎　健太郎,高崎健太郎,右打ち,1,0,0,0,#DIV/0!,打率なし,0,0,0,0,0,0,0,0,0,0,0,0,0,0,0,0
468,DeNA,2017,田中　健二朗,田中健二朗,左打ち,60,0,0,0,#DIV/0!,打率なし,0,0,0,0,0,0,0,0,0,0,0,0,0,0,0,0
473,DeNA,2017,パットン,パットン,右打ち,62,0,0,0,#DIV/0!,打率なし,0,0,0,0,0,0,0,0,0,0,0,0,0,0,0,0
476,DeNA,2017,平田　真吾,平田真吾,右打ち,33,0,0,0,#DIV/0!,打率なし,0,0,0,0,0,0,0,0,0,0,0,0,0,0,0,0
477,DeNA,2017,藤岡　好明,藤岡好明,左打ち,6,0,0,0,#DIV/0!,打率なし,0,0,0,0,0,0,0,0,0,0,0,0,0,0,0,0
480,DeNA,2017,三上　朋也,三上朋也,右打ち,61,0,0,0,#DIV/0!,打率なし,0,0,0,0,0,0,0,0,0,0,0,0,0,0,0,0
485,DeNA,2017,山﨑　康晃,山﨑康晃,右打ち,68,0,0,0,#DIV/0!,打率なし,0,0,0,0,0,0,0,0,0,0,0,0,0,0,0,0
492,阪神,2017,安藤　優也,安藤優也,右打ち,1,0,0,0,#DIV/0!,打率なし,0,0,0,0,0,0,0,0,0,0,0,0,0,0,0,0
493,阪神,2017,石崎　剛,石崎剛,右打ち,26,0,0,0,#DIV/0!,打率なし,0,0,0,0,0,0,0,0,0,0,0,0,0,0,0,0
496,阪神,2017,伊藤　和雄,伊藤和雄,右打ち,9,0,0,0,#DIV/0!,打率なし,0,0,0,0,0,0,0,0,0,0,0,0,0,0,0,0
499,阪神,2017,岩崎　優,岩崎優,左打ち,66,0,0,0,#DIV/0!,打率なし,0,0,0,0,0,0,0,0,0,0,0,0,0,0,0,0
512,阪神,2017,桑原　謙太朗,桑原謙太朗,右打ち,67,0,0,0,#DIV/0!,打率なし,0,0,0,0,0,0,0,0,0,0,0,0,0,0,0,0
513,阪神,2017,才木　浩人,才木浩人,右打ち,2,0,0,0,#DIV/0!,打率なし,0,0,0,0,0,0,0,0,0,0,0,0,0,0,0,0
516,阪神,2017,髙橋　聡文,髙橋聡文,左打ち,61,0,0,0,#DIV/0!,打率なし,0,0,0,0,0,0,0,0,0,0,0,0,0,0,0,0
518,阪神,2017,竹安　大知,竹安大知,右打ち,1,0,0,0,#DIV/0!,打率なし,0,0,0,0,0,0,0,0,0,0,0,0,0,0,0,0
519,阪神,2017,ドリス,ドリス,右打ち,63,0,0,0,#DIV/0!,打率なし,0,0,0,0,0,0,0,0,0,0,0,0,0,0,0,0
521,阪神,2017,長坂　拳弥,長坂拳弥,右打ち,1,0,0,0,#DIV/0!,打率なし,0,0,0,0,0,0,0,0,0,0,0,0,0,0,0,0
531,阪神,2017,マテオ,マテオ,右打ち,63,0,0,0,#DIV/0!,打率なし,0,0,0,0,0,0,0,0,0,0,0,0,0,0,0,0
534,阪神,2017,メンデス,メンデス,右打ち,8,0,0,0,#DIV/0!,打率なし,0,0,0,0,0,0,0,0,0,0,0,0,0,0,0,0
537,阪神,2017,守屋　功輝,守屋功輝,右打ち,1,0,0,0,#DIV/0!,打率なし,0,0,0,0,0,0,0,0,0,0,0,0,0,0,0,0
538,阪神,2017,柳瀬　明宏,柳瀬明宏,右打ち,2,0,0,0,#DIV/0!,打率なし,0,0,0,0,0,0,0,0,0,0,0,0,0,0,0,0
540,阪神,2017,山本　翔也,山本翔也,左打ち,6,0,0,0,#DIV/0!,打率なし,0,0,0,0,0,0,0,0,0,0,0,0,0,0,0,0
544,ヤクルト,2017,秋吉　亮,秋吉亮,右打ち,43,0,0,0,#DIV/0!,打率なし,0,0,0,0,0,0,0,0,0,0,0,0,0,0,0,0
548,ヤクルト,2017,石山　泰稚,石山泰稚,右打ち,66,0,0,0,#DIV/0!,打率なし,0,0,0,0,0,0,0,0,0,0,0,0,0,0,0,0
561,ヤクルト,2017,風張　蓮,風張蓮,右打ち,3,0,0,0,#DIV/0!,打率なし,0,0,0,0,0,0,0,0,0,0,0,0,0,0,0,0
563,ヤクルト,2017,菊沢　竜佑,菊沢竜佑,右打ち,2,0,0,0,#DIV/0!,打率なし,0,0,0,0,0,0,0,0,0,0,0,0,0,0,0,0
564,ヤクルト,2017,久古　健太郎,久古健太郎,左打ち,6,0,0,0,#DIV/0!,打率なし,0,0,0,0,0,0,0,0,0,0,0,0,0,0,0,0
566,ヤクルト,2017,近藤　一樹,近藤一樹,右打ち,54,0,0,0,#DIV/0!,打率なし,0,0,0,0,0,0,0,0,0,0,0,0,0,0,0,0
568,ヤクルト,2017,杉浦　稔大,杉浦稔大,右打ち,5,0,0,0,#DIV/0!,打率なし,0,0,0,0,0,0,0,0,0,0,0,0,0,0,0,0
572,ヤクルト,2017,土肥　寛昌,土肥寛昌,左右打ち,4,0,0,0,#DIV/0!,打率なし,0,0,0,0,0,0,0,0,0,0,0,0,0,0,0,0
573,ヤクルト,2017,中尾　輝,中尾輝,左打ち,2,0,0,0,#DIV/0!,打率なし,0,0,0,0,0,0,0,0,0,0,0,0,0,0,0,0
574,ヤクルト,2017,中澤　雅人,中澤雅人,左打ち,28,0,0,0,#DIV/0!,打率なし,0,0,0,0,0,0,0,0,0,0,0,0,0,0,0,0
575,ヤクルト,2017,中島　彰吾,中島彰吾,右打ち,2,0,0,0,#DIV/0!,打率なし,0,0,0,0,0,0,0,0,0,0,0,0,0,0,0,0
577,ヤクルト,2017,成瀬　善久,成瀬善久,左打ち,12,1,0,0,#DIV/0!,打率なし,0,0,0,0,0,0,0,0,0,1,0,0,0,0,0,0
584,ヤクルト,2017,平井　諒,平井諒,右打ち,4,0,0,0,#DIV/0!,打率なし,0,0,0,0,0,0,0,0,0,0,0,0,0,0,0,0
589,ヤクルト,2017,星野　雄大,星野雄大,右打ち,1,0,0,0,#DIV/0!,打率なし,0,0,0,0,0,0,0,0,0,0,0,0,0,0,0,0
590,ヤクルト,2017,松岡　健一,松岡健一,右打ち,37,0,0,0,#DIV/0!,打率なし,0,0,0,0,0,0,0,0,0,0,0,0,0,0,0,0
592,ヤクルト,2017,村中　恭兵,村中恭兵,左打ち,13,0,0,0,#DIV/0!,打率なし,0,0,0,0,0,0,0,0,0,0,0,0,0,0,0,0
593,ヤクルト,2017,屋宜　照悟,屋宜照悟,左打ち,2,0,0,0,#DIV/0!,打率なし,0,0,0,0,0,0,0,0,0,0,0,0,0,0,0,0
602,ヤクルト,2017,ルーキ,ルーキ,右打ち,61,0,0,0,#DIV/0!,打率なし,0,0,0,0,0,0,0,0,0,0,0,0,0,0,0,0
604,中日,2017,アラウホ,アラウホ,左打ち,6,0,0,0,#DIV/0!,打率なし,0,0,0,0,0,0,0,0,0,0,0,0,0,0,0,0
605,中日,2017,浅尾　拓也,浅尾拓也,右打ち,4,0,0,0,#DIV/0!,打率なし,0,0,0,0,0,0,0,0,0,0,0,0,0,0,0,0
615,中日,2017,岩瀬　仁紀,岩瀬仁紀,左打ち,50,0,0,0,#DIV/0!,打率なし,0,0,0,0,0,0,0,0,0,0,0,0,0,0,0,0
620,中日,2017,岡田　俊哉,岡田俊哉,左打ち,9,0,0,0,#DIV/0!,打率なし,0,0,0,0,0,0,0,0,0,0,0,0,0,0,0,0
621,中日,2017,小川　龍也,小川龍也,左打ち,18,0,0,0,#DIV/0!,打率なし,0,0,0,0,0,0,0,0,0,0,0,0,0,0,0,0
631,中日,2017,佐藤　優,佐藤優,左打ち,13,0,0,0,#DIV/0!,打率なし,0,0,0,0,0,0,0,0,0,0,0,0,0,0,0,0
635,中日,2017,祖父江　大輔,祖父江大輔,左打ち,35,0,0,0,#DIV/0!,打率なし,0,0,0,0,0,0,0,0,0,0,0,0,0,0,0,0
640,中日,2017,谷元　圭介,谷元圭介,右打ち,18,0,0,0,#DIV/0!,打率なし,0,0,0,0,0,0,0,0,0,0,0,0,0,0,0,0
647,中日,2017,福　敬登,福敬登,左打ち,5,0,0,0,#DIV/0!,打率なし,0,0,0,0,0,0,0,0,0,0,0,0,0,0,0,0
649,中日,2017,福谷　浩司,福谷浩司,右打ち,25,0,0,0,#DIV/0!,打率なし,0,0,0,0,0,0,0,0,0,0,0,0,0,0,0,0
663,中日,2017,ロンドン,ロンドン,右打ち,4,0,0,0,#DIV/0!,打率なし,0,0,0,0,0,0,0,0,0,0,0,0,0,0,0,0
390,巨人,2017,今村　信貴,今村信貴,左打ち,3,1,1,0,1,1,1,0,0,0,0,1,0,0,0,0,0,0,0,0,0,0
506,阪神,2017,榎田　大樹,榎田大樹,左打ち,3,1,1,0,1,1,1,0,0,0,0,1,0,0,0,0,0,0,0,0,0,0
61,ソフトバンク,2017,斐紹,斐紹,左打ち,1,2,2,0,0.5,0.5,1,0,0,0,0,1,0,0,0,0,0,0,0,0,0,0
92,ソフトバンク,2017,茶谷　健太,茶谷健太,右打ち,1,2,2,0,0.5,0.5,1,0,0,0,0,1,0,0,0,0,0,0,0,0,0,0
192,西武,2017,佐野　泰雄,佐野泰雄,左打ち,6,3,2,0,0.5,0.5,1,0,0,0,0,1,0,0,0,1,0,0,0,0,0,0
275,楽天,2017,村林　一輝,村林一輝,右打ち,1,3,2,2,0.5,0.5,1,0,0,0,0,1,0,0,0,0,0,1,0,0,1,0
361,広島,2017,白濱　裕太,白濱裕太,右打ち,3,5,5,0,0.4,0.4,2,1,0,0,0,3,0,1,0,0,0,0,0,0,2,0
104,ソフトバンク,2017,牧原　大成,牧原大成,左打ち,10,3,3,0,0.333,0.333,1,0,0,0,0,1,0,0,0,0,0,0,0,0,0,0
360,広島,2017,庄司　隼人,庄司隼人,左打ち,6,6,3,1,0.333,0.333,1,0,0,0,0,1,0,0,0,2,0,1,0,0,1,0
551,ヤクルト,2017,岩橋　慶侍,岩橋慶侍,左打ち,2,3,3,0,0.333,0.333,1,0,0,0,0,1,0,0,0,0,0,0,0,0,2,0
216,西武,2017,水口　大地,水口大地,左打ち,56,51,50,17,0.28,0.28,14,3,0,0,0,17,4,5,4,0,0,1,0,0,6,1
502,阪神,2017,植田　海,植田海,左右打ち,13,22,18,5,0.278,0.278,5,0,0,0,0,5,0,1,1,3,0,1,0,0,6,0
26,日本ハム,2017,黒羽根　利規,黒羽根利規,右打ち,19,30,29,1,0.276,0.276,8,2,0,0,0,10,1,0,0,1,0,0,0,0,6,0
430,巨人,2017,吉川　尚輝,吉川尚輝,左打ち,5,12,11,1,0.273,0.273,3,0,0,0,0,3,0,1,0,1,0,0,0,0,2,0
607,中日,2017,阿部　寿樹,阿部寿樹,右打ち,21,46,41,3,0.268,0.268,11,1,0,0,0,12,2,1,0,1,0,4,0,0,13,0
550,ヤクルト,2017,今浪　隆博,今浪隆博,左打ち,7,17,15,1,0.267,0.267,4,1,1,0,0,7,2,0,0,1,0,1,0,0,0,0
3,日本ハム,2017,有原　航平,有原航平,右打ち,25,4,4,1,0.25,0.25,1,0,0,0,0,1,0,0,0,0,0,0,0,0,2,0
10,日本ハム,2017,今井　順之助,今井順之助,左打ち,1,4,4,0,0.25,0.25,1,0,0,0,0,1,1,0,0,0,0,0,0,0,1,0
107,ソフトバンク,2017,松本　裕樹,松本裕樹,左打ち,15,6,4,0,0.25,0.25,1,0,0,0,0,1,0,0,0,2,0,0,0,0,0,0
355,広島,2017,坂倉　将吾,坂倉将吾,左打ち,3,4,4,0,0.25,0.25,1,0,0,0,0,1,2,0,0,0,0,0,0,0,0,0
412,巨人,2017,辻　東倫,辻東倫,左打ち,18,36,32,3,0.25,0.25,8,0,0,0,0,8,1,1,0,0,0,4,0,0,7,1
432,巨人,2017,脇谷　亮太,脇谷亮太,左打ち,52,68,64,7,0.25,0.25,16,0,0,0,0,16,0,0,0,1,0,3,0,0,14,2
465,DeNA,2017,平良　拳太郎,平良拳太郎,右打ち,4,4,4,0,0.25,0.25,1,0,0,0,0,1,0,0,0,0,0,0,0,0,2,0
467,DeNA,2017,髙城　俊人,髙城俊人,右打ち,29,61,56,11,0.25,0.25,14,0,3,0,0,20,4,0,1,2,0,3,0,0,15,1
479,DeNA,2017,松本　啓二朗,松本啓二朗,左打ち,13,14,12,1,0.25,0.25,3,0,0,0,0,3,0,0,0,0,0,0,0,2,2,0
585,ヤクルト,2017,廣岡　大志,廣岡大志,右打ち,11,31,28,6,0.25,0.25,7,1,0,0,0,8,1,0,0,0,0,2,0,1,11,1
622,中日,2017,小熊　凌祐,小熊凌祐,右打ち,4,5,4,1,0.25,0.25,1,0,0,0,0,1,0,0,0,1,0,0,0,0,2,0
642,中日,2017,友永　翔太,友永翔太,左打ち,5,17,16,0,0.25,0.25,4,2,0,0,0,6,2,0,1,0,0,0,0,1,4,0
608,中日,2017,荒木　雅博,荒木雅博,右打ち,85,267,249,17,0.249,0.249,62,6,1,0,0,70,8,5,0,5,0,13,0,0,41,8
658,中日,2017,森野　将彦,森野将彦,左打ち,22,48,41,4,0.244,0.244,10,2,0,0,0,12,1,0,1,2,0,5,0,0,3,1
78,ソフトバンク,2017,川﨑　宗則,川﨑宗則,左打ち,42,156,137,22,0.241,0.241,33,10,0,0,0,43,4,0,2,4,1,11,0,3,37,0
560,ヤクルト,2017,奥村　展征,奥村展征,左打ち,44,125,113,12,0.239,0.239,27,4,0,0,0,31,5,1,1,1,1,9,0,1,33,3
157,ロッテ,2017,肘井　竜蔵,肘井竜蔵,左打ち,16,21,21,4,0.238,0.238,5,1,0,0,0,6,0,0,0,0,0,0,0,0,12,0
221,西武,2017,渡辺　直人,渡辺直人,右打ち,32,79,68,3,0.235,0.235,16,7,0,0,0,23,3,0,0,4,0,7,0,0,14,2
628,中日,2017,工藤　隆人,工藤隆人,左打ち,82,58,51,12,0.235,0.235,12,1,0,0,0,13,0,3,1,4,0,3,1,0,13,1
552,ヤクルト,2017,上田　剛史,上田剛史,左打ち,100,188,167,18,0.234,0.234,39,1,5,0,0,50,11,6,3,8,3,8,0,2,26,0
176,西武,2017,呉　念庭,呉念庭,左打ち,15,44,39,5,0.231,0.231,9,2,1,0,0,13,4,1,0,0,1,4,0,0,8,2
119,ロッテ,2017,井上　晴哉,井上晴哉,右打ち,35,119,113,5,0.23,0.23,26,7,0,0,0,33,11,0,0,0,0,5,0,1,26,2
179,西武,2017,岡田　雅利,岡田雅利,右打ち,68,172,144,19,0.229,0.229,33,6,1,0,0,41,9,0,0,12,0,10,1,6,28,1
523,阪神,2017,西岡　剛,西岡剛,左右打ち,32,100,92,6,0.228,0.228,21,4,0,0,0,25,5,3,2,0,0,7,0,1,17,0
434,DeNA,2017,荒波　翔,荒波翔,左打ち,47,65,62,8,0.226,0.226,14,5,0,0,0,19,1,0,0,0,0,2,0,1,16,1
159,ロッテ,2017,福浦　和也,福浦和也,左打ち,70,155,134,6,0.224,0.224,30,7,0,0,0,37,18,0,0,0,2,18,0,1,25,4
613,中日,2017,井領　雅貴,井領雅貴,左打ち,22,34,32,2,0.219,0.219,7,2,0,0,0,9,3,0,0,0,0,2,0,0,6,0
583,ヤクルト,2017,比屋根　渉,比屋根渉,右打ち,35,24,23,5,0.217,0.217,5,1,0,0,0,6,0,0,1,0,0,1,0,0,8,0
380,広島,2017,ペーニャ,ペーニャ,左右打ち,22,39,37,2,0.216,0.216,8,1,0,0,0,9,2,0,0,0,0,2,0,0,10,0
293,オリックス,2017,川端　崇義,川端崇義,右打ち,18,28,28,4,0.214,0.214,6,2,0,0,0,8,2,0,0,0,0,0,0,0,2,0
383,広島,2017,メヒア,メヒア,右打ち,9,15,14,0,0.214,0.214,3,0,0,0,0,3,1,0,0,0,0,1,0,0,4,0
103,ソフトバンク,2017,本多　雄一,本多雄一,左打ち,62,143,122,12,0.213,0.213,26,6,0,0,0,32,8,3,2,9,0,12,0,0,20,2
582,ヤクルト,2017,原　樹理,原樹理,右打ち,26,36,33,2,0.212,0.212,7,1,0,0,0,8,1,0,0,3,0,0,0,0,12,0
408,巨人,2017,立岡　宗一郎,立岡宗一郎,左打ち,62,214,197,24,0.208,0.208,41,3,3,0,0,50,10,4,5,6,0,11,0,0,43,1
578,ヤクルト,2017,西浦　直亨,西浦直亨,右打ち,72,171,144,9,0.208,0.208,30,6,0,0,0,36,8,3,0,8,2,16,1,1,31,5
55,日本ハム,2017,矢野　謙次,矢野謙次,右打ち,44,49,44,0,0.205,0.205,9,2,0,0,0,11,10,0,0,0,0,5,0,0,13,1
569,ヤクルト,2017,武内　晋一,武内晋一,左打ち,66,104,93,4,0.204,0.204,19,0,0,0,0,19,5,0,1,1,0,8,1,0,15,4
184,西武,2017,菊池　雄星,菊池雄星,左打ち,26,5,5,0,0.2,0.2,1,0,0,0,0,1,0,0,0,0,0,0,0,0,2,0
225,楽天,2017,阿部　俊人,阿部俊人,左打ち,44,23,20,3,0.2,0.2,4,0,0,0,0,4,1,1,0,1,0,2,0,0,6,0
313,オリックス,2017,西　勇輝,西勇輝,右打ち,17,5,5,1,0.2,0.2,1,0,0,0,0,1,0,0,0,0,0,0,0,0,2,0
406,巨人,2017,高木　勇人,高木勇人,右打ち,16,5,5,1,0.2,0.2,1,0,0,0,0,1,0,0,0,0,0,0,0,0,1,1
426,巨人,2017,山口　俊,山口俊,右打ち,4,6,5,0,0.2,0.2,1,0,0,0,0,1,0,0,0,0,0,1,0,0,3,0
643,中日,2017,野本　圭,野本圭,左打ち,15,35,35,3,0.2,0.2,7,2,0,0,0,9,0,0,0,0,0,0,0,0,5,2
594,ヤクルト,2017,谷内　亮太,谷内亮太,右打ち,42,104,91,6,0.198,0.198,18,2,0,0,0,20,7,0,0,4,0,9,0,0,19,3
131,ロッテ,2017,香月　一也,香月一也,左打ち,19,42,41,1,0.195,0.195,8,0,0,0,0,8,2,0,0,1,0,0,0,0,6,1
395,巨人,2017,岡本　和真,岡本和真,右打ち,15,35,31,2,0.194,0.194,6,1,0,0,0,7,2,0,0,0,0,4,0,0,10,0
626,中日,2017,木下　拓哉,木下拓哉,右打ち,51,94,78,4,0.192,0.192,15,5,0,0,0,20,4,0,0,4,1,10,1,1,21,4
337,広島,2017,天谷　宗一郎,天谷宗一郎,左打ち,56,45,37,6,0.189,0.189,7,1,0,0,0,8,2,1,0,4,0,3,0,1,17,0
372,広島,2017,野間　峻祥,野間峻祥,左打ち,98,85,74,34,0.189,0.189,14,1,0,0,0,15,2,10,5,4,0,7,0,0,13,1
546,ヤクルト,2017,飯原　誉士,飯原誉士,右打ち,17,18,16,2,0.188,0.188,3,0,0,0,0,3,0,0,0,0,0,2,0,0,2,0
459,DeNA,2017,白崎　浩之,白崎浩之,右打ち,34,55,54,5,0.185,0.185,10,3,0,0,0,13,4,0,0,0,0,1,0,0,19,0
33,日本ハム,2017,髙濱　祐仁,髙濱祐仁,右打ち,3,12,11,0,0.182,0.182,2,0,0,0,0,2,0,0,0,0,0,1,0,0,5,0
322,オリックス,2017,宗　佑磨,宗佑磨,左打ち,10,26,22,2,0.182,0.182,4,1,0,0,0,5,0,0,3,0,0,3,0,1,6,1
354,広島,2017,小窪　哲也,小窪哲也,右打ち,26,65,57,3,0.175,0.175,10,0,1,0,0,12,8,1,0,2,0,6,0,0,13,3
118,ロッテ,2017,伊志嶺　翔大,伊志嶺翔大,右打ち,52,117,104,12,0.173,0.173,18,1,1,0,0,21,4,4,0,4,0,9,0,0,22,1
146,ロッテ,2017,髙濱　卓也,髙濱卓也,左打ち,28,38,35,1,0.171,0.171,6,2,0,0,0,8,1,0,0,0,0,3,0,0,6,4
21,日本ハム,2017,岡　大海,岡大海,右打ち,60,132,124,15,0.169,0.169,21,4,1,0,0,27,7,6,2,3,1,4,0,0,34,4
1,日本ハム,2017,淺間　大基,淺間大基,左打ち,19,44,42,2,0.167,0.167,7,3,0,0,0,10,3,1,0,0,0,2,0,0,17,1
122,ロッテ,2017,江村　直也,江村直也,右打ち,13,6,6,1,0.167,0.167,1,0,0,0,0,1,0,0,0,0,0,0,0,0,1,1
185,西武,2017,木村　昇吾,木村昇吾,左打ち,3,7,6,1,0.167,0.167,1,0,0,0,0,1,0,0,0,0,0,1,0,0,1,1
405,巨人,2017,菅野　智之,菅野智之,右打ち,25,63,54,4,0.167,0.167,9,0,0,0,0,9,0,0,0,6,0,3,0,0,13,2
437,DeNA,2017,石田　健大,石田健大,左打ち,18,44,36,5,0.167,0.167,6,0,0,0,0,6,1,0,0,7,0,1,0,0,15,0
549,ヤクルト,2017,井野　卓,井野卓,右打ち,7,13,12,3,0.167,0.167,2,0,0,0,0,2,1,0,0,1,0,0,0,0,2,0
241,楽天,2017,クルーズ,クルーズ,右打ち,13,37,37,2,0.162,0.162,6,2,0,0,0,8,2,0,0,0,0,0,0,0,4,1
385,巨人,2017,相川　亮二,相川亮二,右打ち,29,40,38,0,0.158,0.158,6,1,0,0,0,7,3,0,0,0,1,1,0,0,9,1
464,DeNA,2017,関根　大気,関根大気,左打ち,29,20,19,4,0.158,0.158,3,0,0,0,0,3,1,0,0,0,0,1,0,0,5,0
403,巨人,2017,重信　慎之介,重信慎之介,左打ち,74,77,70,18,0.157,0.157,11,4,0,0,0,15,2,10,4,1,0,6,0,0,21,0
398,巨人,2017,クルーズ,クルーズ,右打ち,9,33,32,2,0.156,0.156,5,1,0,0,0,6,3,0,0,0,1,0,0,0,3,1
123,ロッテ,2017,大木　貴将,大木貴将,左打ち,9,13,13,3,0.154,0.154,2,0,0,0,0,2,0,1,0,0,0,0,0,0,2,0
370,広島,2017,中村　祐太,中村祐太,右打ち,15,23,20,0,0.15,0.15,3,0,0,0,0,3,1,0,0,3,0,0,0,0,4,0
31,日本ハム,2017,杉谷　拳士,杉谷拳士,左右打ち,35,85,75,5,0.147,0.147,11,2,1,0,0,15,3,1,0,5,0,5,0,0,20,1
24,日本ハム,2017,岸里　亮佑,岸里亮佑,左打ち,7,14,14,1,0.143,0.143,2,1,0,0,0,3,0,0,0,0,0,0,0,0,3,0
120,ロッテ,2017,猪本　健太郎,猪本健太郎,右打ち,8,14,14,1,0.143,0.143,2,1,0,0,0,3,2,0,1,0,0,0,0,0,6,0
263,楽天,2017,福田　将儀,福田将儀,右打ち,9,7,7,1,0.143,0.143,1,0,0,0,0,1,1,1,0,0,0,0,0,0,1,0
288,オリックス,2017,岡﨑　大輔,岡﨑大輔,左打ち,5,14,14,1,0.143,0.143,2,0,0,0,0,2,1,0,0,0,0,0,0,0,3,0
303,オリックス,2017,縞田　拓弥,縞田拓弥,右打ち,5,9,7,0,0.143,0.143,1,0,0,0,0,1,1,0,0,0,0,2,0,0,1,1
486,DeNA,2017,山下　幸輝,山下幸輝,左打ち,21,21,21,3,0.143,0.143,3,2,0,0,0,5,0,0,0,0,0,0,0,0,6,0
555,ヤクルト,2017,榎本　葵,榎本葵,左打ち,9,8,7,3,0.143,0.143,1,0,0,0,0,1,0,0,0,0,0,1,0,0,4,0
562,ヤクルト,2017,ギルメット,ギルメット,右打ち,28,10,7,1,0.143,0.143,1,0,0,0,0,1,0,0,0,3,0,0,0,0,5,0
623,中日,2017,笠原　祥太郎,笠原祥太郎,左打ち,18,9,7,0,0.143,0.143,1,0,0,0,0,1,0,0,0,2,0,0,0,0,2,0
439,DeNA,2017,今永　昇太,今永昇太,左打ち,24,49,43,2,0.14,0.14,6,0,0,0,0,6,0,0,0,4,0,2,0,0,18,0
256,楽天,2017,西田　哲朗,西田哲朗,右打ち,22,24,22,2,0.136,0.136,3,0,0,0,0,3,0,0,0,0,0,2,0,0,10,0
349,広島,2017,大瀬良　大地,大瀬良大地,右打ち,24,51,44,1,0.136,0.136,6,1,0,0,0,7,0,0,0,4,0,2,0,1,21,0
59,日本ハム,2017,渡邉　諒,渡邉諒,右打ち,22,35,30,4,0.133,0.133,4,1,1,0,0,7,2,0,0,2,0,3,0,0,13,0
536,阪神,2017,森越　祐人,森越祐人,右打ち,29,27,23,3,0.13,0.13,3,2,0,0,0,5,1,0,0,2,0,2,0,0,10,1
350,広島,2017,岡田　明丈,岡田明丈,左打ち,24,52,47,1,0.128,0.128,6,2,0,0,0,8,8,0,0,4,0,1,0,0,24,2
190,西武,2017,斉藤　彰吾,斉藤彰吾,左打ち,10,8,8,2,0.125,0.125,1,0,0,0,0,1,0,0,0,0,0,0,0,0,4,0
346,広島,2017,上本　崇司,上本崇司,左右打ち,37,10,8,12,0.125,0.125,1,0,0,0,0,1,0,3,0,0,0,2,0,0,3,0
358,広島,2017,ジョンソン,ジョンソン,左打ち,13,26,24,1,0.125,0.125,3,0,0,0,0,3,0,0,0,2,0,0,0,0,12,0
431,巨人,2017,吉川　光夫,吉川光夫,左打ち,12,9,8,1,0.125,0.125,1,0,0,0,0,1,1,0,0,1,0,0,0,0,4,0
612,中日,2017,伊藤　準規,伊藤準規,左打ち,39,9,8,0,0.125,0.125,1,0,0,0,0,1,1,0,0,1,0,0,0,0,2,1
373,広島,2017,野村　祐輔,野村祐輔,右打ち,25,52,41,2,0.122,0.122,5,0,0,0,0,5,2,0,0,9,0,2,0,0,18,0
524,阪神,2017,能見　篤史,能見篤史,左打ち,23,39,33,4,0.121,0.121,4,1,0,0,0,5,0,0,0,2,0,4,0,0,15,0
255,楽天,2017,中川　大志,中川大志,右打ち,23,36,34,3,0.118,0.118,4,2,0,0,0,6,4,0,0,0,0,1,0,1,11,0
491,阪神,2017,荒木　郁也,荒木郁也,左打ち,49,22,17,5,0.118,0.118,2,0,0,0,0,2,0,4,0,3,0,2,0,0,7,0
453,DeNA,2017,Ｇ．後藤　武敏,Ｇ．後藤武敏,右打ち,26,29,26,0,0.115,0.115,3,1,0,0,0,4,3,0,0,0,0,3,0,0,7,1
53,日本ハム,2017,森本　龍弥,森本龍弥,右打ち,5,10,9,0,0.111,0.111,1,0,0,0,0,1,0,0,0,0,0,0,0,1,3,1
325,オリックス,2017,山崎　勝己,山崎勝己,右打ち,17,22,18,1,0.111,0.111,2,2,0,0,0,4,2,0,0,2,0,2,0,0,4,0
359,広島,2017,下水流　昂,下水流昂,右打ち,9,9,9,1,0.111,0.111,1,1,0,0,0,2,0,0,0,0,0,0,0,0,2,0
447,DeNA,2017,クライン,クライン,右打ち,7,12,9,0,0.111,0.111,1,0,0,0,0,1,2,0,0,3,0,0,0,0,6,0
559,ヤクルト,2017,小川　泰弘,小川泰弘,右打ち,22,46,38,2,0.105,0.105,4,0,0,0,0,4,2,0,0,6,0,2,0,0,20,0
177,西武,2017,上本　達之,上本達之,左打ち,11,11,10,0,0.1,0.1,1,0,0,0,0,1,0,0,0,0,0,1,0,0,2,0
249,楽天,2017,下妻　貴寛,下妻貴寛,右打ち,8,11,10,0,0.1,0.1,1,0,0,0,0,1,0,0,0,1,0,0,0,0,5,0
458,DeNA,2017,下園　辰哉,下園辰哉,左打ち,8,11,10,0,0.1,0.1,1,0,0,0,0,1,0,0,0,0,0,1,0,0,2,1
660,中日,2017,柳　裕也,柳裕也,右打ち,11,12,10,0,0.1,0.1,1,0,0,0,0,1,1,0,0,1,0,1,0,0,4,0
586,ヤクルト,2017,ブキャナン,ブキャナン,右打ち,25,47,41,2,0.098,0.098,4,1,0,0,0,5,0,0,0,4,0,2,0,0,24,1
455,DeNA,2017,佐野　恵太,佐野恵太,左打ち,18,24,21,1,0.095,0.095,2,1,0,0,0,3,1,0,0,0,0,3,0,0,5,0
488,阪神,2017,青柳　晃洋,青柳晃洋,右打ち,12,22,21,0,0.095,0.095,2,1,0,0,0,3,2,0,0,1,0,0,0,0,7,0
284,オリックス,2017,岩﨑　恭平,岩﨑恭平,左打ち,7,11,11,1,0.091,0.091,1,0,0,0,0,1,0,1,0,0,0,0,0,0,2,0
500,阪神,2017,岩貞　祐太,岩貞祐太,左打ち,18,27,22,2,0.091,0.091,2,0,0,0,0,2,0,0,0,5,0,0,0,0,11,0
633,中日,2017,杉山　翔大,杉山翔大,右打ち,39,83,66,1,0.091,0.091,6,0,0,0,0,6,1,0,0,5,1,9,1,2,16,1
438,DeNA,2017,井納　翔一,井納翔一,右打ち,25,51,45,2,0.089,0.089,4,0,0,0,0,4,2,0,0,5,0,1,0,0,24,1
407,巨人,2017,田口　麗斗,田口麗斗,左打ち,26,58,47,1,0.085,0.085,4,0,0,0,0,4,2,0,0,10,0,1,0,0,18,0
306,オリックス,2017,鈴木　昂平,鈴木昂平,右打ち,72,39,37,10,0.081,0.081,3,2,0,0,0,5,0,0,0,2,0,0,0,0,8,2
435,DeNA,2017,飯塚　悟史,飯塚悟史,左打ち,9,15,13,0,0.077,0.077,1,0,0,0,0,1,0,0,0,2,0,0,0,0,11,0
505,阪神,2017,江越　大賀,江越大賀,右打ち,28,18,13,3,0.077,0.077,1,0,0,0,0,1,0,1,0,0,0,3,0,2,5,0
456,DeNA,2017,シリアコ,シリアコ,右打ち,12,28,27,1,0.074,0.074,2,1,0,0,0,3,0,0,0,0,0,1,0,0,10,0
588,ヤクルト,2017,星　知弥,星知弥,右打ち,24,32,27,0,0.074,0.074,2,0,0,0,0,2,0,0,0,4,0,0,0,0,22,0
227,楽天,2017,伊志嶺　忠,伊志嶺忠,左打ち,14,14,14,0,0.071,0.071,1,1,0,0,0,2,0,0,0,0,0,0,0,0,7,0
423,巨人,2017,宮國　椋丞,宮國椋丞,右打ち,17,15,14,0,0.071,0.071,1,0,0,0,0,1,1,0,0,1,0,0,0,0,5,0
449,DeNA,2017,久保　康友,久保康友,右打ち,7,14,14,0,0.071,0.071,1,0,0,0,0,1,0,0,0,0,0,0,0,0,9,0
600,ヤクルト,2017,由規,由規,左打ち,10,16,15,1,0.067,0.067,1,0,0,0,0,1,0,0,0,1,0,0,0,0,8,0
392,巨人,2017,内海　哲也,内海哲也,左打ち,12,18,16,1,0.063,0.063,1,0,0,0,0,1,1,0,0,2,0,0,0,0,9,0
490,阪神,2017,新井　良太,新井良太,右打ち,17,17,16,1,0.063,0.063,1,0,0,0,0,1,0,0,0,0,0,1,0,0,3,0
289,オリックス,2017,小田　裕也,小田裕也,左打ち,43,20,17,4,0.059,0.059,1,0,0,0,0,1,0,0,0,2,0,1,0,0,7,0
474,DeNA,2017,濵口　遥大,濵口遥大,左打ち,22,40,34,1,0.059,0.059,2,0,0,0,0,2,0,0,0,5,0,1,0,0,19,0
529,阪神,2017,藤浪　晋太郎,藤浪晋太郎,右打ち,11,21,17,1,0.059,0.059,1,0,0,0,0,1,1,0,0,2,0,2,0,0,13,0
634,中日,2017,鈴木　翔太,鈴木翔太,右打ち,15,20,18,0,0.056,0.056,1,0,0,0,0,1,1,0,0,2,0,0,0,0,15,0
501,阪神,2017,岩田　稔,岩田稔,左打ち,10,21,19,2,0.053,0.053,1,0,0,0,0,1,0,0,0,0,0,2,0,0,9,0
509,阪神,2017,小野　泰己,小野泰己,右打ち,15,24,19,0,0.053,0.053,1,0,0,0,0,1,0,0,0,4,0,1,0,0,7,0
651,中日,2017,又吉　克樹,又吉克樹,右打ち,50,21,20,0,0.05,0.05,1,0,0,0,0,1,1,0,0,1,0,0,0,0,13,1
231,楽天,2017,内田　靖人,内田靖人,右打ち,7,21,21,0,0.048,0.048,1,0,0,0,0,1,1,0,0,0,0,0,0,0,9,1
632,中日,2017,ジョーダン,ジョーダン,左打ち,18,23,21,0,0.048,0.048,1,0,0,0,0,1,0,0,0,2,0,0,0,0,10,0
419,巨人,2017,畠　世周,畠世周,左打ち,13,26,24,0,0.042,0.042,1,0,0,0,0,1,1,0,0,1,0,1,0,0,19,1
353,広島,2017,九里　亜蓮,九里亜蓮,右打ち,35,30,25,1,0.04,0.04,1,0,0,0,0,1,0,0,0,3,0,2,0,0,15,0
384,広島,2017,薮田　和樹,薮田和樹,右打ち,38,34,28,2,0.036,0.036,1,0,0,0,0,1,0,0,0,5,0,1,0,0,20,0
547,ヤクルト,2017,石川　雅規,石川雅規,左打ち,23,36,29,0,0.034,0.034,1,0,0,0,0,1,2,0,0,7,0,0,0,0,11,0
619,中日,2017,小笠原　慎之介,小笠原慎之介,左打ち,22,37,33,2,0.03,0.03,1,0,0,0,0,1,1,0,0,2,0,2,0,0,26,0
4,日本ハム,2017,飯山　裕志,飯山裕志,右打ち,10,4,4,0,0,0,0,0,0,0,0,0,0,0,0,0,0,0,0,0,2,0
13,日本ハム,2017,上沢　直之,上沢直之,右打ち,15,3,2,0,0,0,0,0,0,0,0,0,0,0,0,1,0,0,0,0,1,0
20,日本ハム,2017,大累　進,大累進,右打ち,13,2,2,3,0,0,0,0,0,0,0,0,0,0,0,0,0,0,0,0,1,0
23,日本ハム,2017,加藤　貴之,加藤貴之,左打ち,21,2,1,0,0,0,0,0,0,0,0,0,0,0,0,1,0,0,0,0,1,0
27,日本ハム,2017,郡　拓也,郡拓也,右打ち,1,1,1,0,0,0,0,0,0,0,0,0,0,0,0,0,0,0,0,0,1,0
32,日本ハム,2017,高梨　裕稔,高梨裕稔,右打ち,22,5,4,0,0,0,0,0,0,0,0,0,0,0,0,1,0,0,0,0,2,0
45,日本ハム,2017,平沼　翔太,平沼翔太,左打ち,4,8,8,0,0,0,0,0,0,0,0,0,0,0,0,0,0,0,0,0,1,0
51,日本ハム,2017,村田　透,村田透,左打ち,15,1,1,0,0,0,0,0,0,0,0,0,0,0,0,0,0,0,0,0,1,0
52,日本ハム,2017,メンドーサ,メンドーサ,右打ち,20,3,3,0,0,0,0,0,0,0,0,0,0,0,0,0,0,0,0,0,2,0
54,日本ハム,2017,森山　恵佑,森山恵佑,左打ち,5,12,11,0,0,0,0,0,0,0,0,0,0,0,0,0,0,1,0,0,9,0
63,ソフトバンク,2017,五十嵐　亮太,五十嵐亮太,右打ち,46,1,1,0,0,0,0,0,0,0,0,0,0,0,0,0,0,0,0,0,0,0
64,ソフトバンク,2017,石川　柊太,石川柊太,右打ち,34,2,2,0,0,0,0,0,0,0,0,0,0,0,0,0,0,0,0,0,2,0
66,ソフトバンク,2017,岩嵜　翔,岩嵜翔,右打ち,72,1,1,0,0,0,0,0,0,0,0,0,0,0,0,0,0,0,0,0,1,0
71,ソフトバンク,2017,岡本　健,岡本健,右打ち,14,1,1,0,0,0,0,0,0,0,0,0,0,0,0,0,0,0,0,0,1,0
76,ソフトバンク,2017,釜元　豪,釜元豪,左打ち,2,1,1,0,0,0,0,0,0,0,0,0,0,0,0,0,0,0,0,0,1,0
77,ソフトバンク,2017,嘉弥真　新也,嘉弥真新也,左打ち,58,1,1,0,0,0,0,0,0,0,0,0,0,0,0,0,0,0,0,0,1,0
80,ソフトバンク,2017,城所　龍磨,城所龍磨,左打ち,2,3,3,0,0,0,0,0,0,0,0,0,0,0,0,0,0,0,0,0,1,0
81,ソフトバンク,2017,栗原　陵矢,栗原陵矢,左打ち,3,3,3,0,0,0,0,0,0,0,0,0,0,0,0,0,0,0,0,0,1,0
86,ソフトバンク,2017,千賀　滉大,千賀滉大,左打ち,22,3,3,0,0,0,0,0,0,0,0,0,0,0,0,0,0,0,0,0,1,0
87,ソフトバンク,2017,曽根　海成,曽根海成,左打ち,2,3,3,0,0,0,0,0,0,0,0,0,0,0,0,0,0,0,0,0,1,0
97,ソフトバンク,2017,中田　賢一,中田賢一,右打ち,18,2,2,0,0,0,0,0,0,0,0,0,0,0,0,0,0,0,0,0,0,0
99,ソフトバンク,2017,バンデンハーク,バンデンハーク,右打ち,25,6,3,0,0,0,0,0,0,0,0,0,0,0,0,3,0,0,0,0,2,0
101,ソフトバンク,2017,東浜　巨,東浜巨,右打ち,24,2,2,0,0,0,0,0,0,0,0,0,0,0,0,0,0,0,0,0,2,0
111,ソフトバンク,2017,山田　大樹,山田大樹,左打ち,2,1,1,0,0,0,0,0,0,0,0,0,0,0,0,0,0,0,0,0,1,0
117,ロッテ,2017,石川　歩,石川歩,右打ち,16,3,1,0,0,0,0,0,0,0,0,0,0,0,0,1,0,1,0,0,1,0
127,ロッテ,2017,岡田　幸文,岡田幸文,左打ち,31,40,33,4,0,0,0,0,0,0,0,0,0,0,0,2,0,5,1,0,2,0
129,ロッテ,2017,柿沼　友哉,柿沼友哉,右打ち,8,9,8,0,0,0,0,0,0,0,0,0,1,0,0,1,0,0,0,0,2,1
133,ロッテ,2017,金澤　岳,金澤岳,左打ち,4,7,7,0,0,0,0,0,0,0,0,0,0,0,0,0,0,0,0,0,1,0
134,ロッテ,2017,唐川　侑己,唐川侑己,右打ち,21,2,2,0,0,0,0,0,0,0,0,0,0,0,0,0,0,0,0,0,2,0
139,ロッテ,2017,佐々木　千隼,佐々木千隼,右打ち,15,3,3,0,0,0,0,0,0,0,0,0,0,0,0,0,0,0,0,0,3,0
149,ロッテ,2017,チェン・グァンユウ,チェン・グァンユウ,左打ち,27,1,1,0,0,0,0,0,0,0,0,0,0,0,0,0,0,0,0,0,1,0
161,ロッテ,2017,二木　康太,二木康太,右打ち,23,3,2,0,0,0,0,0,0,0,0,0,0,0,0,1,0,0,0,0,2,0
167,ロッテ,2017,三家　和真,三家和真,左右打ち,4,5,5,0,0,0,0,0,0,0,0,0,0,0,0,0,0,0,0,0,1,0
171,ロッテ,2017,涌井　秀章,涌井秀章,右打ち,25,4,4,0,0,0,0,0,0,0,0,0,0,0,0,0,0,0,0,0,4,0
172,西武,2017,愛斗,愛斗,右打ち,9,6,5,2,0,0,0,0,0,0,0,0,0,0,0,0,0,0,0,1,3,0
175,西武,2017,ウルフ,ウルフ,右打ち,23,5,4,0,0,0,0,0,0,0,0,0,0,0,0,1,0,0,0,0,1,1
180,西武,2017,岡本　洋介,岡本洋介,右打ち,14,2,2,0,0,0,0,0,0,0,0,0,0,0,0,0,0,0,0,0,2,0
181,西武,2017,ガルセス,ガルセス,左打ち,18,1,1,0,0,0,0,0,0,0,0,0,0,0,0,0,0,0,0,0,0,0
201,西武,2017,十亀　剣,十亀剣,右打ち,20,2,2,0,0,0,0,0,0,0,0,0,0,0,0,0,0,0,0,0,1,0
206,西武,2017,野上　亮磨,野上亮磨,右打ち,24,2,2,0,0,0,0,0,0,0,0,0,0,0,0,0,0,0,0,0,1,0
226,楽天,2017,安樂　智大,安樂智大,左打ち,10,2,2,0,0,0,0,0,0,0,0,0,0,0,0,0,0,0,0,0,1,0
236,楽天,2017,釜田　佳直,釜田佳直,右打ち,12,3,3,0,0,0,0,0,0,0,0,0,0,0,0,0,0,0,0,0,1,0
239,楽天,2017,岸　孝之,岸孝之,右打ち,26,5,4,0,0,0,0,0,0,0,0,0,0,0,0,1,0,0,0,0,3,0
258,楽天,2017,則本　昂大,則本昂大,左打ち,25,2,2,0,0,0,0,0,0,0,0,0,0,0,0,0,0,0,0,0,2,0
267,楽天,2017,古川　侑利,古川侑利,右打ち,5,2,2,0,0,0,0,0,0,0,0,0,0,0,0,0,0,0,0,0,1,0
273,楽天,2017,美馬　学,美馬学,左打ち,26,6,6,0,0,0,0,0,0,0,0,0,0,0,0,0,0,0,0,0,5,0
280,オリックス,2017,赤間　謙,赤間謙,右打ち,7,1,1,0,0,0,0,0,0,0,0,0,0,0,0,0,0,0,0,0,0,0
282,オリックス,2017,飯田　大祐,飯田大祐,右打ち,2,3,3,0,0,0,0,0,0,0,0,0,0,0,0,0,0,0,0,0,2,0
291,オリックス,2017,金子　千尋,金子千尋,左打ち,27,5,5,0,0,0,0,0,0,0,0,0,0,0,0,0,0,0,0,0,3,0
310,オリックス,2017,ディクソン,ディクソン,右打ち,25,1,1,0,0,0,0,0,0,0,0,0,0,0,0,0,0,0,0,0,0,0
311,オリックス,2017,東明　大貴,東明大貴,右打ち,3,1,1,0,0,0,0,0,0,0,0,0,0,0,0,0,0,0,0,0,0,0
316,オリックス,2017,平野　佳寿,平野佳寿,右打ち,58,1,1,0,0,0,0,0,0,0,0,0,0,0,0,0,0,0,0,0,1,0
317,オリックス,2017,伏見　寅威,伏見寅威,右打ち,4,1,1,1,0,0,0,0,0,0,0,0,0,0,0,0,0,0,0,0,1,0
320,オリックス,2017,松葉　貴大,松葉貴大,左打ち,23,5,5,0,0,0,0,0,0,0,0,0,0,0,0,0,0,0,0,0,4,0
324,オリックス,2017,山岡　泰輔,山岡泰輔,左打ち,24,3,3,0,0,0,0,0,0,0,0,0,0,0,0,0,0,0,0,0,2,0
331,オリックス,2017,吉田　雄人,吉田雄人,左打ち,11,8,8,1,0,0,0,0,0,0,0,0,0,0,0,0,0,0,0,0,3,0
339,広島,2017,飯田　哲矢,飯田哲矢,左打ち,8,1,1,0,0,0,0,0,0,0,0,0,0,0,0,0,0,0,0,0,1,0
351,広島,2017,加藤　拓也,加藤拓也,右打ち,7,11,10,0,0,0,0,0,0,0,0,0,0,0,0,0,0,1,0,0,8,1
363,広島,2017,高橋　樹也,高橋樹也,左打ち,10,2,2,0,0,0,0,0,0,0,0,0,0,0,0,0,0,0,0,0,1,0
366,広島,2017,床田　寛樹,床田寛樹,左打ち,3,6,6,0,0,0,0,0,0,0,0,0,0,0,0,0,0,0,0,0,1,0
367,広島,2017,戸田　隆矢,戸田隆矢,左打ち,3,2,2,0,0,0,0,0,0,0,0,0,0,0,0,0,0,0,0,0,1,0
375,広島,2017,土生　翔平,土生翔平,左打ち,5,2,1,0,0,0,0,0,0,0,0,0,0,0,0,1,0,0,0,0,0,0
377,広島,2017,福井　優也,福井優也,右打ち,5,9,9,0,0,0,0,0,0,0,0,0,0,0,0,0,0,0,0,0,4,0
394,巨人,2017,大竹　寛,大竹寛,右打ち,13,26,19,0,0,0,0,0,0,0,0,0,1,0,0,6,0,1,0,0,13,0
396,巨人,2017,カミネロ,カミネロ,右打ち,57,1,1,0,0,0,0,0,0,0,0,0,0,0,0,0,0,0,0,0,0,0
402,巨人,2017,實松　一成,實松一成,右打ち,14,13,8,1,0,0,0,0,0,0,0,0,0,0,0,1,0,2,1,2,6,0
416,巨人,2017,中川　皓太,中川皓太,左打ち,18,1,1,0,0,0,0,0,0,0,0,0,0,0,0,0,0,0,0,0,1,0
417,巨人,2017,西村　健太朗,西村健太朗,右打ち,45,1,1,0,0,0,0,0,0,0,0,0,0,0,0,0,0,0,0,0,1,0
433,DeNA,2017,綾部　翔,綾部翔,右打ち,1,1,1,0,0,0,0,0,0,0,0,0,0,0,0,0,0,0,0,0,1,0
441,DeNA,2017,エスコバー,エスコバー,左打ち,27,2,2,0,0,0,0,0,0,0,0,0,0,0,0,0,0,0,0,0,2,0
444,DeNA,2017,尾仲　祐哉,尾仲祐哉,左打ち,11,2,2,0,0,0,0,0,0,0,0,0,0,0,0,0,0,0,0,0,2,0
450,DeNA,2017,熊原　健人,熊原健人,左打ち,4,4,4,0,0,0,0,0,0,0,0,0,0,0,0,0,0,0,0,0,3,0
472,DeNA,2017,西森　将司,西森将司,左右打ち,8,3,3,2,0,0,0,0,0,0,0,0,0,0,0,0,0,0,0,0,3,0
475,DeNA,2017,飛雄馬,飛雄馬,右打ち,3,5,5,0,0,0,0,0,0,0,0,0,1,0,0,0,0,0,0,0,0,0
481,DeNA,2017,三嶋　一輝,三嶋一輝,左右打ち,16,1,1,0,0,0,0,0,0,0,0,0,0,0,0,0,0,0,0,0,0,0
482,DeNA,2017,水野　滉也,水野滉也,右打ち,1,2,2,0,0,0,0,0,0,0,0,0,0,0,0,0,0,0,0,0,1,0
494,阪神,2017,板山　祐太郎,板山祐太郎,左打ち,3,3,3,0,0,0,0,0,0,0,0,0,0,0,0,0,0,0,0,0,3,0
510,阪神,2017,狩野　恵輔,狩野恵輔,右打ち,5,5,5,0,0,0,0,0,0,0,0,0,0,0,0,0,0,0,0,0,2,1
527,阪神,2017,福永　春吾,福永春吾,左打ち,1,1,1,0,0,0,0,0,0,0,0,0,0,0,0,0,0,0,0,0,1,0
528,阪神,2017,藤川　球児,藤川球児,左打ち,52,1,1,0,0,0,0,0,0,0,0,0,0,0,0,0,0,0,0,0,1,0
532,阪神,2017,松田　遼馬,松田遼馬,右打ち,26,2,2,0,0,0,0,0,0,0,0,0,0,0,0,0,0,0,0,0,2,0
535,阪神,2017,メンドーサ,メンドーサ,右打ち,4,6,5,0,0,0,0,0,0,0,0,0,1,0,0,0,1,0,0,0,2,0
542,阪神,2017,横山　雄哉,横山雄哉,左打ち,1,2,2,0,0,0,0,0,0,0,0,0,0,0,0,0,0,0,0,0,1,0
554,ヤクルト,2017,梅野　雄吾,梅野雄吾,右打ち,2,2,2,0,0,0,0,0,0,0,0,0,0,0,0,0,0,0,0,0,1,0
556,ヤクルト,2017,オーレンドルフ,オーレンドルフ,右打ち,4,6,6,0,0,0,0,0,0,0,0,0,0,0,0,0,0,0,0,0,5,0
570,ヤクルト,2017,館山　昌平,館山昌平,右打ち,2,1,1,0,0,0,0,0,0,0,0,0,0,0,0,0,0,0,0,0,0,0
571,ヤクルト,2017,寺島　成輝,寺島成輝,左打ち,1,1,1,0,0,0,0,0,0,0,0,0,0,0,0,0,0,0,0,0,1,0
591,ヤクルト,2017,三輪　正義,三輪正義,左打ち,16,6,4,0,0,0,0,0,0,0,0,0,0,0,0,2,0,0,0,0,0,0
597,ヤクルト,2017,山中　浩史,山中浩史,右打ち,13,24,18,0,0,0,0,0,0,0,0,0,0,0,0,6,0,0,0,0,5,0
598,ヤクルト,2017,山本　哲哉,山本哲哉,右打ち,32,1,1,0,0,0,0,0,0,0,0,0,0,0,0,0,0,0,0,0,1,0
603,ヤクルト,2017,渡邉　大樹,渡邉大樹,右打ち,2,2,2,0,0,0,0,0,0,0,0,0,0,0,0,0,0,0,0,0,1,0
606,中日,2017,阿知羅　拓馬,阿知羅拓馬,右打ち,4,2,2,0,0,0,0,0,0,0,0,0,0,0,0,0,0,0,0,0,1,0
609,中日,2017,石岡　諒太,石岡諒太,左打ち,2,4,4,0,0,0,0,0,0,0,0,0,0,0,0,0,0,0,0,0,1,0
610,中日,2017,石垣　雅海,石垣雅海,右打ち,1,3,3,0,0,0,0,0,0,0,0,0,0,0,0,0,0,0,0,0,3,0
614,中日,2017,岩﨑　達郎,岩﨑達郎,右打ち,1,1,1,0,0,0,0,0,0,0,0,0,0,0,0,0,0,0,0,0,1,0
618,中日,2017,大野　雄大,大野雄大,左打ち,24,48,40,0,0,0,0,0,0,0,0,0,1,0,0,8,0,0,0,0,24,0
624,中日,2017,加藤　匠馬,加藤匠馬,右打ち,1,1,1,0,0,0,0,0,0,0,0,0,0,0,0,0,0,0,0,0,0,0
638,中日,2017,田島　慎二,田島慎二,右打ち,63,1,1,0,0,0,0,0,0,0,0,0,0,0,0,0,0,0,0,0,1,0
654,中日,2017,丸山　泰資,丸山泰資,右打ち,8,1,1,0,0,0,0,0,0,0,0,0,0,0,0,0,0,0,0,0,1,0
656,中日,2017,三ツ間　卓也,三ツ間卓也,右打ち,35,3,2,1,0,0,0,0,0,0,0,0,0,0,0,0,0,1,0,0,2,0
657,中日,2017,三ツ俣　大樹,三ツ俣大樹,右打ち,8,1,1,0,0,0,0,0,0,0,0,0,0,0,1,0,0,0,0,0,0,0
659,中日,2017,八木　智哉,八木智哉,左打ち,3,3,2,0,0,0,0,0,0,0,0,0,0,0,0,1,0,0,0,0,2,0
662,中日,2017,吉見　一起,吉見一起,右打ち,14,24,18,0,0,0,0,0,0,0,0,0,0,0,0,6,0,0,0,0,10,0
664,中日,2017,若松　駿太,若松駿太,右打ち,7,10,8,0,0,0,0,0,0,0,0,0,0,0,0,1,0,1,0,0,6,1
